ID,CourseContentId,IdContent,QuestionType,QuestionContent,AAnsver,BAnswer,CAnswer,DAnswer,Answer,ResultAnswer
1,Module 4. An toÃ ,4,1,HÃ£y cho biáº¿t phÆ°Æ¡ng thá»©c chÃ­nh mÃ  káº» táº¥n cÃ´ng sá»­ dá»¥ng Ä‘á»ƒ cÃ i Ä‘áº·t mÃ£ Ä‘á»™c memory-scraper lÃªn cÃ¡c thiáº¿t bá»‹ PoS sau khi Ä‘Ã£ ,Gá»­i email giáº£ dáº¡ng ngÆ°á»i tÃ¬m viá»‡c Ä‘Ã­,Khai thÃ¡c lá»— há»•ng trong pháº§n má»m quáº£n l,Táº¥n cÃ´ng váº­t lÃ½ vÃ o cÃ¡c thiáº¿t bá»‹ Ä,Sá»­ dá»¥ng máº¡ng khÃ´ng dÃ¢y khÃ´ng an toÃ n Ä‘,B,Khai thÃ¡c lá»— há»•ng trong pháº§n má»m quáº£n l
2,Module 4. An toÃ ,4,1,HÃ£y cho biáº¿t lÃ½ do chÃ­nh khiáº¿n cÃ¡c tá»• chá»©c y táº¿ trá»Ÿ thÃ nh náº¡n nhÃ¢n cá»§a cÃ¡c cu,Dá»¯ liá»‡u cÃ³ giÃ¡ tr,Há»‡ thá»‘ng an ninh ,BÃ¡n thiáº¿t bá»‹ ,Tráº£ tiá»n chuá»™c Ä‘á»ƒ khÃ´i phá,D,Tráº£ tiá»n chuá»™c Ä‘á»ƒ khÃ´i phá
3,Module 4. An toÃ ,4,1,"NgÆ°á»i dÃ¹ng thÆ°á»ng máº¯c lá»—i phá»• biáº¿n lÃ  sá»­ dá»¥ng máº­t kháº©u máº·c Ä‘á»‹nh Ä‘á»‘i vá»›i cÃ¡c thiáº¿t bá»‹ máº¡ng gia Ä‘Ã¬nh, viá»‡c ",LÃ m há»ng pháº§n cá»©ng cá»§a ,MÃ£ hÃ³a dá»¯ liá»‡u vÃ  Ä‘Ã²i tiá»n chuá»™c ,Chiáº¿m quyá»n Ä‘iá»u khiá»ƒn ,Sá»­ dá»¥ng nÄƒng lá»±c cá»§a thiáº¿t bá»‹ Ä‘,C,Chiáº¿m quyá»n Ä‘iá»u khiá»ƒn 
4,Module 4. An toÃ ,4,1,"HÃ£y cho biáº¿t nguyÃªn nhÃ¢n nÃ o dÆ°á»›i Ä‘Ã¢y khiáº¿n cho CÆ¡ quan Quáº£n lÃ½ An toÃ n Giao thÃ´ng ÄÆ°á»ng bá»™ Quá»‘c gia (NHTSA) pháº£i thu há»“i 1,4 triá»",Váº¥n Ä‘á» vá» tÃºi khÃ­ khÃ´ng hoáº¡t Ä‘á,Lá»—i sáº£n xuáº¥t trong há»‡ thá»‘ng pha,Lá»— há»•ng báº£o máº­t cho phÃ©p Ä‘iá»u khi,Lá»—i trong há»‡ thá»‘ng Ä‘á»‹nh vá»‹ ,C,Lá»— há»•ng báº£o máº­t cho phÃ©p Ä‘iá»u khi
5,Module 4. An toÃ ,4,1,"Botnet Mirai, ná»•i tiáº¿ng vá»›i viá»‡c táº¡o ra cÃ¡c cuá»™c táº¥n cÃ´ng tá»« chá»‘i dá»‹ch vá»¥ (DDoS) quy mÃ´ lá»›n, chá»§ yáº¿u khai thÃ",iÇn tho¡i thông minh (smartphones) ch¡y Android.,MÃ¡y tÃ­nh cÃ¡ nhÃ¢n (PC) vÃ  mÃ¡y tÃ­nh xÃ¡ch tay (,"CÃ¡c thiáº¿t bá»‹ IoT (nhÆ° camera IP, bá»™ Ä‘á»",CÃ¡c mÃ¡y chá»§ (serve,C,"CÃ¡c thiáº¿t bá»‹ IoT (nhÆ° camera IP, bá»™ Ä‘á»"
6,Module 4. An toÃ ,4,1,CÃ¡c cuá»™c táº¥n cÃ´ng chuyá»ƒn tiáº¿p tÃ­n hiá»‡u (Relay Attack) nháº¯m vÃ o há»‡ thá»‘ng PKES (Passive Keyless Entry) Ä‘Æ°á»£c thá»±c ,Káº» táº¥n cÃ´ng sá»­ dá»¥ng má»™t chÃ¬a khÃ³a Ä‘a nÄƒng,TÃ­n hiá»‡u giá»¯a chÃ¬a khÃ³a vÃ  xe Ã´ tÃ´ khÃ´ng Ä,"Há»‡ thá»‘ng chá»‰ xÃ¡c thá»±c sá»± hiá»‡n diá»‡n cá»§a chÃ¬a khÃ³a, khÃ´ng xÃ¡c thá»±c khoáº£ng cÃ¡ch (hoáº·c ",Há»‡ thá»‘ng PKES bá»‹ gÃ¢y nhiá»…u (jamming) khiáº¿n nÃ³ tá»±,C,"Há»‡ thá»‘ng chá»‰ xÃ¡c thá»±c sá»± hiá»‡n diá»‡n cá»§a chÃ¬a khÃ³a, khÃ´ng xÃ¡c thá»±c khoáº£ng cÃ¡ch (hoáº·c "
7,Module 4. An toÃ ,4,1,HÃ£y cho biáº¿t lÃ½ do chÃ­nh khiáº¿n cÃ¡c sáº£n pháº©m chá»‘ng virus truyá»n thá»‘ng thÆ°á»ng cÃ³ tá»· lá»‡ phÃ¡t hiá»‡n t,Chá»‰ kiá»ƒm tra cÃ¡c tá»‡p Ä‘Ã­nh k,YÃªu cáº§u khá»Ÿi Ä‘á»™ng láº¡i mÃ¡y tÃ­nh ,ChÆ°a cÃ³ máº«u cho má»‘i Ä‘e dá,Sá»­ dá»¥ng quÃ¡ nhiá»u tÃ i nguyÃªn ,C,ChÆ°a cÃ³ máº«u cho má»‘i Ä‘e dá
8,Module 4. An toÃ ,4,1,HÃ£y cho biáº¿t lá»±a chá»n nÃ o dÆ°á»›i Ä‘Ã¢y liÃªn quan Ä‘áº,NgÆ°á»i dÃ¹ng xÃ³a nháº§m d,Dá»¯ liá»‡u bá»‹ máº¥t do há»,ThÃ´ng tin tháº» thanh toÃ¡n bá»‹ káº» táº¥n cÃ´ng máº,Gá»­i nháº§m dá»¯ liá»‡u cho ngÆ°á»i,C,ThÃ´ng tin tháº» thanh toÃ¡n bá»‹ káº» táº¥n cÃ´ng máº
9,Module 4. An toÃ ,4,1,HÃ£y cho biáº¿t lá»— há»•ng nghiÃªm trá»ng xuáº¥t hiá»‡n trÃªn mÃ¡y tÃ­nh Apple liÃªn quan Ä‘áº¿n tÃ,TrÃ¬nh duyá»‡t web Safari máº·c ,TÃ­nh nÄƒng xÃ¡c thá»±c báº±ng vÃ¢n tay (To,TÃ­nh nÄƒng tiáº¿t kiá»‡m nÄƒng lÆ°á»£ng khi mÃ¡y khá»Ÿi Ä‘á»™n,Cá»­a hÃ ng á»©ng dá»¥ng App,C,TÃ­nh nÄƒng tiáº¿t kiá»‡m nÄƒng lÆ°á»£ng khi mÃ¡y khá»Ÿi Ä‘á»™n
10,Module 4. An toÃ ,4,1,"HÃ£y cho biáº¿t lá»±a chá»n nÃ o dÆ°á»›i Ä‘Ã¢y mÃ´ táº£ Ä‘áº§y Ä‘á»§ nháº¥t liÃªn quan Ä‘áº¿n má»™t máº¡ng lÆ°á»›i lá»ng láº»o cá»§a nhá»¯ng káº» t",NhÃ  hoáº¡t Ä‘á»™ng tin táº·c (Hact,Script Kiddies.,Tá»™i pháº¡m máº¡ng (Cybercrimi,Khá»§ng bá»‘ máº¡ng (Cyberterror,C,Tá»™i pháº¡m máº¡ng (Cybercrimi
11,Module 4. An toÃ ,4,1,HÃ£y cho biáº¿t lá»±a chá»n nÃ o dÆ°á»›i Ä‘Ã¢y mÃ´ táº£ Ä‘áº§y Ä‘á»§ nháº¥t liÃªn quan,ThÃ´ng tin Ä‘Ã£ Ä‘Æ°á»£c cá»‘ tÃ¬nh che giáº¥u vÃ  khÃ´ng thá»ƒ truy cáº­p qua trÃ¬nh du,Báº¥t cá»© thá»© gÃ¬ cÃ³ thá»ƒ Ä‘Æ°á»£c tÃ¬m tháº¥y vÃ  láº­p chá»‰ má»¥c b,Ná»™i dung khÃ´ng thá»ƒ tÃ¬m tháº¥y bá»Ÿi má»™t cÃ´ng cá»¥ tÃ¬m kiáº¿m mÃ  chá»‰ cÃ³ thá»ƒ truy cáº­p qua há»™p,CÃ¡c trang web chá»£ Ä‘en cá»§a káº» t,C,Ná»™i dung khÃ´ng thá»ƒ tÃ¬m tháº¥y bá»Ÿi má»™t cÃ´ng cá»¥ tÃ¬m kiáº¿m mÃ  chá»‰ cÃ³ thá»ƒ truy cáº­p qua há»™p
12,Module 4. An toÃ ,4,1,HÃ£y cho biáº¿t tá»™i pháº¡m máº¡ng (Cybercriminals) thá»±c hiá»‡n cÃ¡c cuá»™c táº¥n cÃ´n,Thá»ƒ hiá»‡n quan Ä‘iá»ƒm chÃ,Khoe khoang ká»¹ nÄƒng cÃ´ng n,Lá»£i Ã­ch tÃ i ch,GÃ¢y ra sá»± giÃ¡n Ä‘oáº¡n vÃ  hoá,C,Lá»£i Ã­ch tÃ i ch
13,Module 4. An toÃ ,4,1,"HÃ£y cho biáº¿t nhá»¯ng Ä‘á»‘i tÆ°á""Script Kiddies"" cÃ³ Ä‘áº·c Ä‘iá",°ãc nhà n°Ûc b£o trã Ã thñc hiÇn các cuÙc t¥n công m¡ng.,CÃ³ ká»¹ nÄƒng mÃ¡y tÃ­nh tiÃªn tiáº¿n vÃ  tá»± viáº¿t cÃ¡c cÃ,"Thiáº¿u kiáº¿n thá»©c vá» mÃ¡y tÃ­nh vÃ  máº¡ng, sá»­ dá»¥ng pháº§n má»m táº¥n cÃ´ng tá»± Ä‘á»™n",BÃ¡n kiáº¿n thá»©c vá» cÃ¡c lá»— há»•ng báº£o máº­t cho ngÆ°á»,C,"Thiáº¿u kiáº¿n thá»©c vá» mÃ¡y tÃ­nh vÃ  máº¡ng, sá»­ dá»¥ng pháº§n má»m táº¥n cÃ´ng tá»± Ä‘á»™n"
14,Module 4. An toÃ ,4,1,CÃ¡c cuá»™c táº¥n cÃ´ng Ä‘Æ°á»£c thá»±c hiá»‡n bá»Ÿi Script Kiddies Ä‘Ã²i há,Ká»¹ nÄƒng c,Ká»¹ nÄƒng trung bÃ,Ká»¹ nÄƒng tháº¥p hoáº·c khÃ´ng cÃ³,Ká»¹ nÄƒng chuyÃªn ,C,Ká»¹ nÄƒng tháº¥p hoáº·c khÃ´ng cÃ³
15,Module 4. An toÃ ,4,1,HÃ£y cho biáº¿t cÃ¡c nhÃ  mÃ´i giá»›i (Brokers) trong lÄ©nh vá»±c an ninh máº¡ng thÆ°á»ng thá»±c hiá»‡n h,Cung cáº¥p cÃ¡c bá»™ cÃ´ng cá»¥ khai thÃ¡c (exploit kits) cho Script,Mua bÃ¡n dá»¯ liá»‡u cÃ¡ nhÃ¢n bá»‹ Ä‘Ã¡nh cáº¯p trÃªn cÃ¡c,BÃ¡n kiáº¿n thá»©c vá» má»™t lá»— há»•ng cho ngÆ°á»i tráº£ giÃ¡ cao nháº¥t thay vÃ¬ bÃ¡,MÃ´i giá»›i cho cÃ¡c cuá»™c táº¥n cÃ´ng máº¡ng giá»¯a ,C,BÃ¡n kiáº¿n thá»©c vá» má»™t lá»— há»•ng cho ngÆ°á»i tráº£ giÃ¡ cao nháº¥t thay vÃ¬ bÃ¡
16,Module 4. An toÃ ,4,1,HÃ£y cho biáº¿t thuáº­t ngá»¯ Insiders Ä‘á» cáº­p Ä‘áº¿n cÃ¡c má»‘i Ä‘e dá»a thÆ,CÃ¡c cÆ¡ quan chÃ­nh phá»§ nÆ°á»›,CÃ¡c Ä‘á»‘i thá»§ cáº¡nh tranh trong cÃ¹,"NhÃ¢n viÃªn, nhÃ  tháº§u vÃ  Ä‘á»‘i tÃ¡c kinh doanh cá»§a ch",CÃ¡c nhÃ³m tá»™i pháº¡m cÃ³ t,C,"NhÃ¢n viÃªn, nhÃ  tháº§u vÃ  Ä‘á»‘i tÃ¡c kinh doanh cá»§a ch"
17,Module 4. An toÃ ,4,1,HÃ£y cho biáº¿t Ä‘á»™ng cÆ¡ chÃ­nh cá»§a Khá»§ng bá»‘ máº¡ng (Cyberte,Tráº£ thÃ¹ má»™t tá»• chá»©,Lá»£i Ã­ch tÃ i chÃ­nh cÃ¡,"İ théc hÇ, t¥n công vì nguyên t¯c ho·c niÁm tin.",GÃ¢y thiá»‡t háº¡i kinh táº¿ cho Ä,A,Tráº£ thÃ¹ má»™t tá»• chá»©
18,Module 4. An toÃ ,4,1,Hactivists thá»±c hiá»‡n cÃ¡c cuá»™c táº¥n cÃ´ng nháº±m ,GÃ¢y hoáº£ng loáº¡n trong dÃ¢n ,ánh c¯p thông tin th» tín dång Ã tråc lãi.,°a ra mÙt tuyên bÑ chính trË ho·c thúc ©y mÙt ch°¡ng trình nghË sñ.,BÃ¡n cÃ¡c lá»— há»•ng báº£o máº­t cho ,C,°a ra mÙt tuyên bÑ chính trË ho·c thúc ©y mÙt ch°¡ng trình nghË sñ.
19,Module 4. An toÃ ,4,1,HÃ£y cho biáº¿t táº¡i sao nhá»¯ng káº» táº¥n cÃ´ng Ä‘Æ°á»£c nhÃ  nÆ°á»›c báº£o trá»£ (State-Sponsored Attackers) t,Táº¥n cÃ´ng má»™t cÃ¡ch ngáº«,Táº¥n cÃ´ng vÃ o cÃ¡c há»‡ thá»‘ng tÃ i chÃ­,CÃ³ ká»¹ nÄƒng cao vÃ  nguá»“n lá»±c dá»“i dÃ o cá»§a chÃ­nh phá»§ Ä‘á»ƒ vÆ°á»£t qua háº§u háº,Sá»­ dá»¥ng cÃ¡c cÃ´ng cá»¥ táº¥n cÃ´ng Ä‘Æ¡n giáº£n vÃ  ,C,CÃ³ ká»¹ nÄƒng cao vÃ  nguá»“n lá»±c dá»“i dÃ o cá»§a chÃ­nh phá»§ Ä‘á»ƒ vÆ°á»£t qua háº§u háº
20,Module 4. An toÃ ,4,1,"Káº» táº¥n cÃ´ng sá»­ dá»¥ng cÃ¡c giao thá»©c, á»©ng dá»¥ng Internet phá»• biáº¿n vÃ  thay Ä‘á»•i hÃ nh vi Ä‘á»ƒ khiáº¿n cuá»™c táº¥n cÃ´ng xuáº¥t hiá»‡n khÃ¡c nhau á»Ÿ má»—i láº§n thá»±c hiá»‡n. HÃ£",CÃ¡c cuá»™c táº¥n cÃ´ng phÃ¢,Tá»‘c Ä‘á»™ táº¥n cÃ´ng gi,Sá»± tinh vi ngÃ y cÃ ng cao cá»§a cÃ¡c cuá»™c t,Sá»± cháº­m trá»… trong viá»‡c cáº­p nháº,C,Sá»± tinh vi ngÃ y cÃ ng cao cá»§a cÃ¡c cuá»™c t
21,Module 4. An toÃ ,4,1,HÃ£y cho biáº¿t má»¥c Ä‘Ã­ch chÃ­nh cá»§a an ninh thÃ´ng tin? Chá»n Ä‘Ã¡,£m b£o công ty tuân thç t¥t c£ các quy Ënh pháp lı vÁ b£o vÇ dï liÇu.,Chá»‰ táº­p trung vÃ o viá»‡c mÃ£ hÃ³a táº¥t cáº£ dá»¯ liá»‡u Ä‘á»ƒ ngÄƒn chá,£m b£o r±ng các biÇn pháp b£o vÇ °ãc triÃn khai úng cách Ã chÑng l¡i các cuÙc t¥n công và cung c¥p sñ b£o vÇ ß méc Ù cao nh¥t có thÃ.,Phá»¥c há»“i há»‡ thá»‘ng nhanh nháº¥t cÃ³ thá»ƒ sau khi má»™t cuá»™c,C,£m b£o r±ng các biÇn pháp b£o vÇ °ãc triÃn khai úng cách Ã chÑng l¡i các cuÙc t¥n công và cung c¥p sñ b£o vÇ ß méc Ù cao nh¥t có thÃ.
22,Module 4. An toÃ ,4,1,Bá»™ ba CIA trong an ninh thÃ´ng tin gá»“m nhá»¯ng yáº¿u tá»‘ nÃ o dÆ°á»›i Ä‘Ã¢y? Chá»,"Sáº£n pháº©m (Products), Con ngÆ°á»i (People), ChÃ­nh sÃ¡ch (P","XÃ¡c thá»±c (Authentication), á»¦y quyá»n (Authorization), Ghi nháº­n (Acc","TÃ­nh bÃ­ máº­t (Confidentiality), TÃ­nh toÃ n váº¹n (Integrity), TÃ­nh sáºµn sÃ ng (Av","Rá»§i ro (Risk), Má»‘i Ä‘e dá»a (Threat), Lá»— há»•ng (Vuln",C,"TÃ­nh bÃ­ máº­t (Confidentiality), TÃ­nh toÃ n váº¹n (Integrity), TÃ­nh sáºµn sÃ ng (Av"
23,Module 4. An toÃ ,4,1,TÃ­nh toÃ n váº¹n (Integrity) trong an ninh thÃ´ng tin Ä‘Æ°á»£c thá»ƒ hiá»‡n nhÆ° tháº¿ nÃ o? Chá»,ThÃ´ng tin lÃ  chÃ­nh xÃ¡c vÃ  khÃ´ng bá»‹ thay Ä‘á»•i bá»Ÿi ngÆ°á»i khÃ´,Chá»‰ nhá»¯ng cÃ¡ nhÃ¢n Ä‘Æ°á»£c cháº¥p thuáº­n má»›i cÃ³ thá»ƒ ,Dá»¯ liá»‡u cÃ³ thá»ƒ truy cáº­p Ä‘Æ°á»£c bá»Ÿi ngÆ°á»i d,NgÆ°á»i dÃ¹ng chÃ­nh lÃ  ngÆ°á»i mÃ  h,A,ThÃ´ng tin lÃ  chÃ­nh xÃ¡c vÃ  khÃ´ng bá»‹ thay Ä‘á»•i bá»Ÿi ngÆ°á»i khÃ´
24,Module 4. An toÃ ,4,1,æy quyÁn (Authorization) °ãc thÃ hiÇn nh° th¿ nào? ChÍn áp án úng nh¥t.,Cáº¥p phÃ©p hoáº·c cháº¥p thuáº­n cho cÃ¡c tÃ i nguyÃªn cÃ´ng,£m b£o r±ng cá nhân ó chính là ng°İi mà hÍ tñ nh­n.,"Cung cáº¥p viá»‡c theo dÃµi cÃ¡c sá»""dáº¥u váº¿t kiá»ƒ"").",£m b£o thông tin là chính xác và không bË thay Õi.,A,Cáº¥p phÃ©p hoáº·c cháº¥p thuáº­n cho cÃ¡c tÃ i nguyÃªn cÃ´ng
25,Module 4. An toÃ ,4,1,Má»™t Ä‘iá»ƒm yáº¿u trong há»‡ thá»‘ng hoáº·c biá»‡n phÃ¡p kiá»ƒm soÃ¡t cÃ³ thá»ƒ bá»‹ má»™t tÃ¡c nhÃ¢n khai thÃ¡c Ä‘Æ°á»£c ,Vulnerability,Threat,Risk,Threat agent,A,Vulnerability
26,Module 4. An toÃ ,4,1,HÃ nh Ä‘á»™ng mua báº£o hiá»ƒm cho chiáº¿c xe tay ga Ä‘á»ƒ cÃ´ng ty báº£o hiá»ƒm gÃ¡nh chá»‹u tá»•n tháº¥t náº¿u bá»‹ Ä‘Ã¡nh cáº¯p Ä‘Æ°á,Chuyá»ƒn giao rá»§i ro (Risk transferen,Giáº£m thiá»ƒu rá»§i ro (Risk mitiga,Cháº¥p nháº­n rá»§i ro (Risk accept,TrÃ¡nh rá»§i ro (Risk avoidanc,A,Chuyá»ƒn giao rá»§i ro (Risk transferen
27,Module 4. An toÃ ,4,1,âu là mÙt ph°¡ng théc t¥n công phÕ bi¿n mà tin t·c sí dång Ã xâm ph¡m an ninh thông tin cá nhân?,QuÃªn máº­t k,PhÃ¡t tÃ¡n Malwa,LÃ m giáº£m tá»‘c Ä‘á»™ cá»§,GÃ¢y ra lá»—i pháº§n ,A,QuÃªn máº­t k
28,Module 4. An toÃ ,4,1,HÃ£y cho biáº¿t lá»±a chá»n nÃ o dÆ°á»›i Ä‘Ã¢y lÃ  phÆ°Æ¡ng phÃ¡p tá»‘t nháº¥t Ä‘á»ƒ thiáº¿t ,Sá»­ dá»¥ng cÃ´ng nghá»‡ nhÆ° trÃ¬nh quáº£n ,Táº¡o ra cÃ¡c máº­t kháº©u dá»… nhá»› nhÆ°,Sá»­ dá»¥ng cÃ¹ng má»™t máº­t kháº©u máº¡nh cho nhi,Viáº¿t máº­t kháº©u ra giáº¥y vÃ  cáº¥t á»Ÿ,A,Sá»­ dá»¥ng cÃ´ng nghá»‡ nhÆ° trÃ¬nh quáº£n 
29,Module 4. An toÃ ,4,1,"Theo cÃ¡c khuyáº¿n nghá»‹ báº£o máº­t hiá»‡n Ä‘áº¡i, yáº¿u tá»‘ nÃ o sau Ä‘Ã¢y Ä‘Æ°á»£c coi lÃ  quan trá»ng nháº¥t",Ù dài cça m­t kh©u,Bao gá»“m cÃ¡c kÃ½ tá»± Ä‘,Viáº¿t hoa chá»¯ cÃ¡i Ä‘á,Thay Ä‘á»•i máº­t kháº©u hÃ ,A,Ù dài cça m­t kh©u
30,Module 4. An toÃ ,4,1,CÃ¡ch tiáº¿p cáº­n an toÃ n nháº¥t Ä‘á»‘i vá»›i má»™t email khÃ´ng mong Ä‘á»£i xuáº¥t phÃ¡t tá»« má»™t,Coi Ä‘Ã³ lÃ  má»™t tin nháº¯n lá»«a Ä‘áº£o vÃ  khÃ´ng bao giá» nháº¥p vÃ o li,Tráº£ lá»i email Ä‘á»ƒ xÃ¡c nháº­n thÃ´ng tin trÆ°á»›c khi thá»±c hiá»‡n báº,Nháº¥p vÃ o liÃªn káº¿t Ä‘á»ƒ kiá»ƒm tra xem trang web cÃ³ há»,Chuyá»ƒn tiáº¿p email cho báº¡n bÃ¨ Ä‘á»ƒ h,A,Coi Ä‘Ã³ lÃ  má»™t tin nháº¯n lá»«a Ä‘áº£o vÃ  khÃ´ng bao giá» nháº¥p vÃ o li
31,Module 4. An toÃ ,4,2,HÃ£y cho biáº¿t lá»±a chá»n nÃ o dÆ°á»›i Ä‘Ã¢y mÃ´ táº£ chÃ­nh xÃ¡c vÃ  Ä‘áº§y Ä‘á»§ nháº¥t liÃªn quan Ä‘áº¿n D,Dá»¯ liá»‡u liÃªn quan trá»±c tiáº¿p hoáº·c giÃ¡n tiáº¿p Ä‘áº¿n má»™t cÃ¡ nhÃ¢n Ä‘Ã£ Ä‘Æ°á»£c xÃ¡c Ä‘á,Táº¥t cáº£ cÃ¡c thÃ´ng tin Ä‘Æ°á»£c lÆ°u trá»¯ trÃªn mÃ¡y tÃ­nh ,Dá»¯ liá»‡u Ä‘Æ°á»£c thu tháº­p tá»« cÃ¡c trang,ThÃ´ng tin vá» cÃ¡c giao dá»‹ch tÃ i chÃ­nh cá»§a má,A,Dá»¯ liá»‡u liÃªn quan trá»±c tiáº¿p hoáº·c giÃ¡n tiáº¿p Ä‘áº¿n má»™t cÃ¡ nhÃ¢n Ä‘Ã£ Ä‘Æ°á»£c xÃ¡c Ä‘á
32,Module 4. An toÃ ,4,2,HÃ£y cho biáº¿t lá»±a chá»n nÃ o dÆ°á»›i Ä‘Ã¢y khÃ´ng pháº£i lÃ ,Nhiá»‡t Ä‘á»™ trung bÃ¬nh hÃ ng nÄƒm cá»§a má»™,"Dá»¯ liá»‡u sinh tráº¯c há»c nhÆ° vÃ¢n tay, ",ThÃ´ng tin Ä‘á»‹nh vá»‹ GPS vÃ  Ä‘á»,"Dá»¯ liá»‡u tÃ i chÃ­nh nhÆ° tÃ i khoáº£n ngÃ¢n hÃ ng, sá»‘",A,Nhiá»‡t Ä‘á»™ trung bÃ¬nh hÃ ng nÄƒm cá»§a má»™
33,Module 4. An toÃ ,4,2,HÃ£y cho biáº¿t lá»±a chá»n nÃ o dÆ°á»›i Ä‘Ã¢y mÃ´ táº£ chÃ­nh xÃ¡c vÃ  Ä‘áº§y Ä‘á»§ nháº¥t liÃªn quan Ä‘áº¿n nháº­n Ä‘á»‹nh: Dá»¯ liá»‡u cÃ¡ nhÃ,"Nguá»“n nguyÃªn liá»‡u cho cÃ¡c há»‡ thá»‘ng phÃ¢n tÃ­ch, dá»± Ä‘oÃ¡n, tiáº¿p thá»‹ vÃ  cÃ¡ nhÃ¢n hÃ³a ",CÃ³ thá»ƒ dá»… dÃ ng thay tháº¿ náº¿u bá»‹ rÃ² rá»‰,Chá»‰ cÃ³ giÃ¡ trá»‹ Ä‘á»‘i vá»›i,KhÃ´ng thá»ƒ mua bÃ¡n trÃªn thá»‹ ,A,"Nguá»“n nguyÃªn liá»‡u cho cÃ¡c há»‡ thá»‘ng phÃ¢n tÃ­ch, dá»± Ä‘oÃ¡n, tiáº¿p thá»‹ vÃ  cÃ¡ nhÃ¢n hÃ³a "
34,Module 4. An toÃ ,4,2,HÃ£y cho biáº¿t lá»±a chá»n nÃ o dÆ°á»›i Ä‘Ã¢y mÃ´ táº£ chÃ­nh xÃ¡c vÃ  Ä‘áº§y Ä‘á»§ nháº¥t liÃªn quan Ä‘áº¿n hÃ nh vi Ä‘Ã¡,"Máº¡o danh ngÆ°á»i khÃ¡c Ä‘á»ƒ vay tiá»n, má»Ÿ tÃ i khoáº£n hoáº·c thá»±c hiá",Theo dÃµi vÃ  kiá»ƒm soÃ¡t hoáº¡t Ä‘á»™ng trá»±c tuyáº¿n cá,Gá»­i cÃ¡c email lá»«a Ä‘áº£o Ä‘á»ƒ láº¥y thÃ´ng ,LÃ m máº¥t uy tÃ­n cá»§a má»™t cÃ¡ nhÃ¢n trÃªn m,A,"Máº¡o danh ngÆ°á»i khÃ¡c Ä‘á»ƒ vay tiá»n, má»Ÿ tÃ i khoáº£n hoáº·c thá»±c hiá"
35,Module 4. An toÃ ,4,2,ThÃ¡ch thá»©c lá»›n nháº¥t trong viá»‡c báº£o vá»‡ dá»¯ liá»,NgÆ°á»i dÃ¹ng thiáº¿u nháº­n thá»©c vÃ  thÆ°á»ng xuyÃªn chia sáº» cÃ´ng khai ,CÃ¡c cÃ´ng ty cÃ´ng nghá»‡ khÃ´ng cÃ³ kháº£ nÄƒng lÆ°u trá»¯ lÆ°á»,Dá»¯ liá»‡u cÃ¡ nhÃ¢n khÃ´ng cÃ³ giÃ¡ trá»‹ Ä‘á»‘i vá»›,CÃ¡c quy Ä‘á»‹nh phÃ¡p lÃ½ quÃ¡ nghiÃªm ngáº·t gÃ¢y khÃ³ khÄƒn cho ,A,NgÆ°á»i dÃ¹ng thiáº¿u nháº­n thá»©c vÃ  thÆ°á»ng xuyÃªn chia sáº» cÃ´ng khai 
36,Module 4. An toÃ ,4,2,"HÃ£y cho biáº¿t lá»±a chá»n nÃ o dÆ°á»›i Ä‘Ã¢y mÃ´ táº£ chÃ­nh xÃ¡c vÃ  Ä‘áº§y Ä‘á»§ nháº¥t liÃªn quan Ä‘áº¿n thu tháº­p dá»¯ liá»‡u ""Thu tháº­p cÃ³ má»¥c Ä‘Ã­ch, mi"" lÃ  gÃ",Chá»‰ thu tháº­p dá»¯ liá»‡u khi thá»±c sá»± cáº§n thiáº¿t vÃ  thÃ´ng bÃ¡o rÃµ má»¥c Ä‘Ã­ch,Thu tháº­p cÃ ng nhiá»u dá»¯ liá»‡u cÃ ng tá»‘t Ä‘á»ƒ phá»¥c vá»¥ cho cÃ¡c má»¥c,KhÃ´ng cáº§n thÃ´ng bÃ¡o cho ngÆ°á»i dÃ¹ng vá» má»¥c Ä‘Ã­ch th,Giá»¯ láº¡i dá»¯ liá»‡u vÃ´ thá»i háº¡n ngay cáº£ khi Ä‘Ã£ hoÃ n thÃ n,A,Chá»‰ thu tháº­p dá»¯ liá»‡u khi thá»±c sá»± cáº§n thiáº¿t vÃ  thÃ´ng bÃ¡o rÃµ má»¥c Ä‘Ã­ch
37,Module 4. An toÃ ,4,2,HÃ£y cho biáº¿t ngÆ°á»i dÃ¹ng cÃ³ quyá»n gÃ¬ Ä‘á»‘i vá»›i dá»¯ liá»‡u cÃ¡ nhÃ¢n. ,"Quyá»n biáº¿t dá»¯ liá»‡u nÃ o Ä‘ang Ä‘Æ°á»£c lÆ°u giá»¯, yÃªu cáº§u chá»‰nh sá»­a, xÃ",Quyá»n bÃ¡n dá»¯ liá»‡u cá»§a mÃ¬nh cho báº¥t ká,Quyá»n truy cáº­p vÃ o dá»¯ liá»‡u cá»§a táº¥t cáº£ n,Quyá»n thay Ä‘á»•i dá»¯ liá»‡u cá»§a ngÆ°á»i khÃ¡c mÃ  khÃ´ng,A,"Quyá»n biáº¿t dá»¯ liá»‡u nÃ o Ä‘ang Ä‘Æ°á»£c lÆ°u giá»¯, yÃªu cáº§u chá»‰nh sá»­a, xÃ"
38,Module 4. An toÃ ,4,2,HÃ£y cho biáº¿t táº¡i sao sá»­ dá»¥ng máº­t kháº©u yáº¿u,Dá»… bá»‹ káº» táº¥n cÃ´ng phÃ¡ vá»¡ thÃ´ng qua cÃ¡c ká»¹ thuáº­t nhÆ° táº¥n cÃ´ng tá»« Ä‘i,LÃ m cháº­m tá»‘c Ä‘á»™ xá»­ lÃ½ cá»§a mÃ¡y tÃ­nh,CÃ¡c há»‡ thá»‘ng hiá»‡n Ä‘áº¡i khÃ´ng cho phÃ©p sá»­ dá»¥,Chiáº¿m nhiá»u dung lÆ°á»£ng lÆ°u trá»¯ hÆ¡n máº,A,Dá»… bá»‹ káº» táº¥n cÃ´ng phÃ¡ vá»¡ thÃ´ng qua cÃ¡c ká»¹ thuáº­t nhÆ° táº¥n cÃ´ng tá»« Ä‘i
39,Module 4. An toÃ ,4,2,Ká»¹ thuáº­t báº» khÃ³a ngoáº¡i tuyáº¿n (offline cracking) hoáº¡t Ä‘á»,Káº» táº¥n cÃ´ng Ä‘Ã¡nh cáº¯p tá»‡p mÃ£ hÃ³a máº­t kháº©u vÃ  sá»­ dá»¥ng mÃ¡y tÃ­nh cá»§a mÃ¬nh Ä‘á»,Káº» táº¥n cÃ´ng Ä‘oÃ¡n ngáº«u nhiÃªn máº­t kháº©u trá»±c tiáº¿p trÃªn t,Káº» táº¥n cÃ´ng gá»­i email lá»«a Ä‘áº£o Ä‘á»ƒ ngÆ°á»i dÃ¹ng t,Káº» táº¥n cÃ´ng cÃ i Ä‘áº·t pháº§n má»m giÃ¡n Ä‘iá»‡p Ä‘á»ƒ ghi láº¡i máº­t,A,Káº» táº¥n cÃ´ng Ä‘Ã¡nh cáº¯p tá»‡p mÃ£ hÃ³a máº­t kháº©u vÃ  sá»­ dá»¥ng mÃ¡y tÃ­nh cá»§a mÃ¬nh Ä‘á»
40,Module 4. An toÃ ,4,2,HÃ£y cho biáº¿t lá»±a chá»n nÃ o dÆ°á»›i Ä‘Ã¢y mÃ´ táº£ chÃ­nh xÃ¡c vÃ  Ä‘áº§y Ä‘á»§ liÃªn quan Ä‘áº¿n Táº¥n cÃ,Káº» táº¥n cÃ´ng táº¡o mÃ£ hÃ³a cá»§a cÃ¡c tá»« Ä‘iá»ƒn thÃ´ng thÆ°á»ng vÃ  so sÃ¡nh vá»›,Káº» táº¥n cÃ´ng thá»­ má»i tá»• há»£p kÃ½ tá»± cÃ³ thá»ƒ cÃ³,Káº» táº¥n cÃ´ng sá»­ dá»¥ng cÃ¡c tá»« trong nhiá»u ngÃ´n ngá»¯ khÃ¡c nhau,Káº» táº¥n cÃ´ng tÃ¬m kiáº¿m Ä‘á»‹nh nghÄ©a cá»§a cÃ¡c tá»« liÃªn quan Ä‘áº¿n ngÆ°á»,A,Káº» táº¥n cÃ´ng táº¡o mÃ£ hÃ³a cá»§a cÃ¡c tá»« Ä‘iá»ƒn thÃ´ng thÆ°á»ng vÃ  so sÃ¡nh vá»›
41,Module 4. An toÃ ,4,2,Social engineering dá»±a vÃ o yáº¿u tá»‘ nÃ o Ä‘á»ƒ thá»±c hiá»‡n,Sá»± thao tÃºng khÃ©o lÃ©o cá»§a káº» táº¥n cÃ´ng Ä‘á»‘i vá»›i báº£n cháº¥t con ngÆ°á»i Ä‘á»ƒ thuy,CÃ¡c lá»— há»•ng trong pháº§n má»m vÃ  há»,Sá»©c máº¡nh cá»§a cÃ¡c mÃ¡y tÃ­nh Ä‘á»ƒ báº» ,CÃ¡c thuáº­t toÃ¡n mÃ£ hÃ³,A,Sá»± thao tÃºng khÃ©o lÃ©o cá»§a káº» táº¥n cÃ´ng Ä‘á»‘i vá»›i báº£n cháº¥t con ngÆ°á»i Ä‘á»ƒ thuy
42,Module 4. An toÃ ,4,2,NguyÃªn táº¯c kháº©n cáº¥p trong ká»¹ thuáº­t Social engineering Ä‘Æ°á»£c sá»,Thuyáº¿t phá»¥c náº¡n nhÃ¢n ráº±ng cáº§n pháº£i hÃ nh Ä‘á»™ng ngay láº­p tá»©c Ä‘á»ƒ,Giáº£ danh má»™t nhÃ¢n váº­t cÃ³ quyá»n uy Ä‘á»ƒ ra lá»‡n,Cho náº¡n nhÃ¢n tháº¥y ráº±ng nhiá»u ngÆ°á»i khÃ¡c cÅ©ng Ä,Táº¡o ra cáº£m giÃ¡c tin cáº­y vÃ  quen thuá»™c vá»,A,Thuyáº¿t phá»¥c náº¡n nhÃ¢n ráº±ng cáº§n pháº£i hÃ nh Ä‘á»™ng ngay láº­p tá»©c Ä‘á»ƒ
43,Module 4. An toÃ ,4,2,HÃ£y cho biáº¿t Spear phishing cÃ³ Ä‘áº·c Ä,Spear phishing nháº¯m má»¥c tiÃªu vÃ o nhá»¯ng ngÆ°á»i dÃ¹ng cá»¥ thá»ƒ vá»›i cÃ¡c em,Spear phishing sá»­ dá»¥ng tin nháº¯n vÄƒn báº£n thay ,Spear phishing chá»‰ nháº¯m vÃ o cÃ¡c giÃ¡m Ä‘á»‘c Ä‘iá»u ,Spear phishing khÃ´ng sá»­ dá»¥ng cÃ¡c liÃªn káº¿t web,A,Spear phishing nháº¯m má»¥c tiÃªu vÃ o nhá»¯ng ngÆ°á»i dÃ¹ng cá»¥ thá»ƒ vá»›i cÃ¡c em
44,Module 4. An toÃ ,4,2,HÃ£y cho biáº¿t lá»±a chá»n nÃ o dÆ°á»›i Ä‘Ã¢y mÃ´ táº£ chÃ­nh xÃ¡c vÃ  Ä‘áº§y Ä‘á»§ nháº¥t liÃªn quan Ä,Káº» táº¥n cÃ´ng mua cÃ¡c tÃªn miá»n cÃ³ cÃ¡ch viáº¿t tÆ°Æ¡ng tá»± vá»›i cÃ¡c trang web thá»±c táº¿ Ä,Káº» táº¥n cÃ´ng gá»­i email cÃ³ lá»—i chÃ­nh táº£ Ä‘á»ƒ trÃ¡nh cÃ,Káº» táº¥n cÃ´ng sá»­ dá»¥ng lá»—i chÃ­nh táº£ trong máº­t kháº©u Ä‘á»ƒ lÃ m c,Káº» táº¥n cÃ´ng sá»­a lá»—i chÃ­nh táº£ trÃªn cÃ¡c trang web Ä‘á»ƒ lÃ m cho chÃºng ,A,Káº» táº¥n cÃ´ng mua cÃ¡c tÃªn miá»n cÃ³ cÃ¡ch viáº¿t tÆ°Æ¡ng tá»± vá»›i cÃ¡c trang web thá»±c táº¿ Ä
45,Module 4. An toÃ ,4,2,HÃ£y cho biáº¿t lá»±a chá»n nÃ o dÆ°á»›i Ä‘Ã¢y mÃ´ táº£ chÃ­nh xÃ¡c vÃ  Ä‘áº§y Ä‘á»§ nháº¥t liÃªn quan Ä‘,"Lá»¥c lá»i cÃ¡c thÃ¹ng rÃ¡c Ä‘á»ƒ tÃ¬m thÃ´ng tin há»¯u Ã­ch nhÆ° lá»‹ch, sÆ¡ Ä‘á»“ tá»• c",TÃ¬m kiáº¿m cÃ¡c thiáº¿t bá»‹ Ä‘iá»‡n tá»­ cÅ© bá»‹ vá»©t bá» Ä‘á,Thu tháº­p rÃ¡c tháº£i Ä‘á»ƒ tÃ¡i cháº¿ vÃ  báº£o ,PhÃ¢n tÃ­ch cÃ¡c loáº¡i rÃ¡c tháº£i Ä‘á»ƒ hiá»ƒu vá» thÃ³i quen tiÃªu dÃ¹n,A,"Lá»¥c lá»i cÃ¡c thÃ¹ng rÃ¡c Ä‘á»ƒ tÃ¬m thÃ´ng tin há»¯u Ã­ch nhÆ° lá»‹ch, sÆ¡ Ä‘á»“ tá»• c"
46,Module 4. An toÃ ,4,2,NgÆ°á»i dÃ¹ng thá»±c hiá»‡n hÃ nh Ä‘á»™ng nÃ o dÆ°á»›i Ä‘Ã¢y Ä‘á»ƒ chá»‘n,Che cháº¯n bÃ n phÃ­m khi nháº­p thÃ´ng tin nháº¡y cáº£m nhÆ° mÃ£ PIN hoáº·c máº­t kháº,Sá»­ dá»¥ng cÃ¡c máº­t kháº©u ngáº¯n vÃ  dá»… nhá»› Ä‘,YÃªu cáº§u ngÆ°á»i Ä‘á»©ng sau giá»¯ khoáº£ng ,Chá»‰ thá»±c hiá»‡n cÃ¡c giao dá»‹ch nháº¡y,A,Che cháº¯n bÃ n phÃ­m khi nháº­p thÃ´ng tin nháº¡y cáº£m nhÆ° mÃ£ PIN hoáº·c máº­t kháº
47,Module 4. An toÃ ,4,2,HÃ£y cho biáº¿t lá»±a chá»n nÃ o dÆ°á»›i Ä‘Ã¢y mÃ´ táº£ chÃ­nh xÃ¡c vÃ  Ä‘áº§y Ä‘á»§ nháº¥t liÃªn quan,Biáº¿n Ä‘á»•i thÃ´ng tin thÃ nh má»™t dáº¡ng an toÃ n Ä‘á»ƒ ngÆ°á»i khÃ´ng Ä‘Æ°á»£c á»§y ,¨n i sñ tÓn t¡i cça dï liÇu b±ng cách nhúng nó vào các tÇp khác.,TÄƒng tá»‘c Ä‘á»™ truyá»n táº£i dá»¯ li,NÃ©n dá»¯ liá»‡u Ä‘á»ƒ giáº£m dung lÆ°á,A,Biáº¿n Ä‘á»•i thÃ´ng tin thÃ nh má»™t dáº¡ng an toÃ n Ä‘á»ƒ ngÆ°á»i khÃ´ng Ä‘Æ°á»£c á»§y 
48,Module 4. An toÃ ,4,2,HÃ£y cho biáº¿t Ä‘iá»ƒm khÃ¡c nhau cÆ¡ báº£n giá»¯a cryptography vÃ  stegano,"Máº­t mÃ£ há»c xÃ¡o trá»™n thÃ´ng Ä‘iá»‡p, trong khi steganography áº©n Ä‘i sá»± tá»“n ","Máº­t mÃ£ há»c chá»‰ Ã¡p dá»¥ng cho vÄƒn báº£n, trong khi steganography cÃ³ thá»ƒ dÃ¹ng cho hÃ¬n","Máº­t mÃ£ há»c lÃ  má»™t ká»¹ thuáº­t cÅ©, trong khi steganography lÃ  má»™t ká","Máº­t mÃ£ há»c cáº§n khÃ³a Ä‘á»ƒ giáº£i mÃ£, trong khi steganogra",A,"Máº­t mÃ£ há»c xÃ¡o trá»™n thÃ´ng Ä‘iá»‡p, trong khi steganography áº©n Ä‘i sá»± tá»“n "
49,Module 4. An toÃ ,4,2,HÃ£y cho biáº¿t lá»±a chá»n nÃ o dÆ°á»›i Ä‘Ã¢y mÃ´ táº£ chÃ­nh xÃ¡c vÃ  Ä‘áº§y Ä‘á»§ nháº¥t liÃªn qu,Dá»¯ liá»‡u Ä‘Ã£ Ä‘Æ°á»,Dá»¯ liá»‡u á»Ÿ dáº¡ng khÃ´ng Ä‘Æ,Thuáº­t toÃ¡n Ä‘Æ°á»£c sá»­ dá»¥ng Ä‘á»ƒ m,KhÃ³a Ä‘Æ°á»£c sá»­ dá»¥ng Ä‘á»ƒ giáº,A,Dá»¯ liá»‡u Ä‘Ã£ Ä‘Æ°á»
50,Module 4. An toÃ ,4,2,HÃ£y cho biáº¿t lá»±a chá»n nÃ o dÆ°á»›i Ä‘Ã¢y mÃ´ táº£ chÃ­nh xÃ¡c vÃ  Ä‘áº§y Ä‘á»§ nháº¥t liÃªn quan Ä‘áº¿n thuáº­t toÃ¡n máº­t mÃ£ Ä‘á»‘i xá,Sá»­ dá»¥ng cÃ¹ng má»™t khÃ³a duy nháº¥t Ä‘á»ƒ mÃ£ h,Sá»­ dá»¥ng má»™t cáº·p khÃ³a cÃ´ng khai vÃ  khÃ,Chá»‰ cÃ³ thá»ƒ mÃ£ hÃ³a dá»¯ liá»‡u mÃ  khÃ´ng,"Táº¡o ra má""dáº¥u vÃ¢n tay ká»¹ thu"" cá»§a dá»¯ l",A,Sá»­ dá»¥ng cÃ¹ng má»™t khÃ³a duy nháº¥t Ä‘á»ƒ mÃ£ h
51,Module 4. An toÃ ,4,2,HÃ£y cho biáº¿t Ä‘iá»ƒm yáº¿u cá»§a thuáº­t toÃ¡n mÃ£ hÃ³a ,KhÃ³ khÄƒn trong viá»‡c phÃ¢n phá»‘i vÃ  duy trÃ¬ má»™t khÃ³a Ä‘Æ¡n an toÃ n giá»¯a ,Tá»‘c Ä‘á»™ mÃ£ hÃ³a vÃ  giáº£i mÃ£ cháº­m hÆ¡n so vá»›i thuáº­t ,Má»©c Ä‘á»™ báº£o máº­t tháº¥p hÆ¡n so vá»›i t,KhÃ´ng thá»ƒ Ä‘Æ°á»£c sá»­ dá»¥ng Ä‘á»ƒ ,A,KhÃ³ khÄƒn trong viá»‡c phÃ¢n phá»‘i vÃ  duy trÃ¬ má»™t khÃ³a Ä‘Æ¡n an toÃ n giá»¯a 
52,Module 4. An toÃ ,4,2,HÃ£y cho biáº¿t ká»¹ thuáº­t mÃ£ hÃ³a báº¥t Ä‘á»‘i xá»©ng (asymmetric cryptography) sá»­ dá»¥ng loáº¡i khÃ³a nÃ o Ä‘á»ƒ mÃ£ hÃ³a má»™t thÃ´ng ,KhÃ³a cÃ´ng khai (public key) cá»§a ngÆ°á»,KhÃ³a riÃªng tÆ° (private key) cá»§a ngÆ°á,KhÃ³a riÃªng tÆ° (private key) cá»§a ngÆ°á»,KhÃ³a cÃ´ng khai (public key) cá»§a ngÆ°á»,A,KhÃ³a cÃ´ng khai (public key) cá»§a ngÆ°á»
53,Module 4. An toÃ ,4,2,HÃ£y cho biáº¿t lá»±a chá»n nÃ o dÆ°á»›i Ä‘Ã¢y mÃ´ táº£ chÃ­nh xÃ¡c vÃ  Ä‘áº§y Ä‘á»§ nháº¥t liÃªn quan Ä‘áº¿n,"XÃ¡c minh ngÆ°á»i gá»­i, ngÄƒn ngÆ°á»i gá»­i tá»« chá»‘i tin nháº¯n vÃ  chá»©ng minh tÃ­nh ",MÃ£ hÃ³a toÃ n bá»™ ná»™i dung cá»§a tin nháº¯n Ä‘á»ƒ Ä‘áº£m,¨n danh tính cça ng°İi gíi Ã b£o vÇ quyÁn riêng t°.,TÄƒng tá»‘c Ä‘á»™ gá»­i vÃ  nháº­n tin nh,A,"XÃ¡c minh ngÆ°á»i gá»­i, ngÄƒn ngÆ°á»i gá»­i tá»« chá»‘i tin nháº¯n vÃ  chá»©ng minh tÃ­nh "
54,Module 4. An toÃ ,4,2,BÃªn gá»­i sá»­ dá»¥ng loáº¡i khÃ³a nÃ o Ä‘á»ƒ táº¡o chá»¯ kÃ½ s,KhÃ³a riÃªng tÆ° cá»§a ngÆ°á,KhÃ³a cÃ´ng khai cá»§a ngÆ°á»,KhÃ³a cÃ´ng khai cá»§a ngÆ°á»,KhÃ³a riÃªng tÆ° cá»§a ngÆ°á»,A,KhÃ³a riÃªng tÆ° cá»§a ngÆ°á
55,Module 4. An toÃ ,4,2,HÃ£y cho biáº¿t lá»±a chá»n nÃ o dÆ°á»›i Ä‘Ã¢y mÃ´ táº£ chÃ­nh xÃ¡c vÃ  Ä‘áº§y Ä‘á»§ nháº¥t liÃªn quan Ä‘áº¿n mÃ£ hÃ³a to,"Báº£o vá»‡ táº¥t cáº£ dá»¯ liá»‡u trÃªn á»• cá»©ng, bao gá»“m cáº£ viá»‡c ngÄƒn cháº·n truy cáº­p báº±ng cÃ¡ch ",Tá»‘c Ä‘á»™ mÃ£ hÃ³a nhanh hÆ¡n vÃ  tá»‘n Ã­t tÃ i nguyÃªn,Cho phÃ©p ngÆ°á»i dÃ¹ng lá»±a chá»n cÃ¡c tá»‡p cá»¥ ,KhÃ´ng yÃªu cáº§u ngÆ°á»i dÃ¹ng pháº£i nhá»› máº­t kh,A,"Báº£o vá»‡ táº¥t cáº£ dá»¯ liá»‡u trÃªn á»• cá»©ng, bao gá»“m cáº£ viá»‡c ngÄƒn cháº·n truy cáº­p báº±ng cÃ¡ch "
56,Module 4. An toÃ ,4,2,HÃ£y cho biáº¿t lá»±a chá»n nÃ o dÆ°á»›i Ä‘Ã¢y mÃ´ táº£ chÃ­nh xÃ¡c vÃ  Ä‘áº§y Ä‘á»§ nháº¥,"Cha máº¹ chia sáº» quÃ¡ nhiá»u thÃ´ng tin vá» con cÃ¡i trÃªn máº¡ng, táº¡o ra dáº¥u ch",Chia sáº» máº­t kháº©u tÃ i khoáº£n vá»›i báº¡n bÃ,HÃ nh vi chia sáº» tin tá»©c giáº£ máº¡o má»™t,Sá»­ dá»¥ng chung má»™t thiáº¿t bá»‹ Ä‘á»ƒ truy cáº­p nhiá»u tÃ ,A,"Cha máº¹ chia sáº» quÃ¡ nhiá»u thÃ´ng tin vá» con cÃ¡i trÃªn máº¡ng, táº¡o ra dáº¥u ch"
57,Module 4. An toÃ ,4,2,HÃ£y cho biáº¿t lá»±a chá»n nÃ o dÆ°á»›i Ä‘Ã¢y mÃ´ táº£ chÃ­nh xÃ¡c vÃ  Ä‘áº§y Ä‘á»§ nháº¥t liÃªn quan Ä‘áº¿n,BÃ y tá» sá»± lo ngáº¡i vá» quyá»n riÃªng tÆ° nhÆ°ng hÃ nh Ä‘á»™ng láº¡i khÃ,Sáºµn sÃ ng tráº£ tiá»n Ä‘á»ƒ báº£o vá»‡ quyá»n ri,KhÃ´ng quan tÃ¢m Ä‘áº¿n quyá»n riÃªng tÆ° vÃ  chia sáº» má»i thÃ´,Chá»‰ quan tÃ¢m Ä‘áº¿n quyá»n riÃªng tÆ° cá»§a báº£n thÃ¢n mÃ  khÃ´ng tÃ´n trá»ng quyá»n ri,A,BÃ y tá» sá»± lo ngáº¡i vá» quyá»n riÃªng tÆ° nhÆ°ng hÃ nh Ä‘á»™ng láº¡i khÃ
58,Module 4. An toÃ ,4,2,HÃ£y cho biáº¿t lá»±a chá»n nÃ o dÆ°á»›i Ä‘Ã¢y mÃ´ táº£ chÃ­nh xÃ¡c vÃ  Ä‘áº§y Ä‘á»§ nháº¥t liÃªn quan Ä‘áº¿n ,Lá»«a Ä‘áº£o tÃ¬nh cáº£m vÃ  lá»«a ,Lá»«a Ä‘áº£o qua Ä‘iá»‡n thoáº¡i vÃ  lá»«a Ä,ánh c¯p danh tính và t¥n công b±ng mã Ùc.,Giáº£ máº¡o trang web vÃ  táº¡o tin t,A,Lá»«a Ä‘áº£o tÃ¬nh cáº£m vÃ  lá»«a 
59,Module 4. An toÃ ,4,2,HÃ£y cho biáº¿t Ä‘iá»ƒm khÃ¡c nhau cÆ¡ báº£n giá»¯a misinformation vÃ  disinfor,"Misinformation lÃ  lan truyá»n thÃ´ng tin sai nhÆ°ng khÃ´ng cÃ³ Ã¡c Ã½, trong khi Disinformation lÃ  cá»‘ tÃ¬nh táº¡o vÃ  lan truyá","Misinformation lÃ  thÃ´ng tin sai vá» khoa há»c, trong khi Disinformation lÃ  thÃ´ng tin sai vá» ","Misinformation Ä‘Æ°á»£c lan truyá»n qua email, trong khi Disinformation Ä‘Æ°á»£c lan truyá»n qua ","KhÃ´ng cÃ³ sá»± khÃ¡c biá»‡t, hai thuáº­t ngá»¯ nÃ y cÃ³ thá»ƒ dÃ¹ng th",A,"Misinformation lÃ  lan truyá»n thÃ´ng tin sai nhÆ°ng khÃ´ng cÃ³ Ã¡c Ã½, trong khi Disinformation lÃ  cá»‘ tÃ¬nh táº¡o vÃ  lan truyá"
60,Module 4. An toÃ ,4,2,HÃ£y cho biáº¿t lá»±a chá»n nÃ o dÆ°á»›i Ä‘Ã¢y mÃ´ táº£ chÃ­nh xÃ¡c vÃ  Ä‘áº§y Ä‘á»§ nháº¥t liÃªn quan Ä‘áº¿n phÆ°Æ¡n,"Dá»«ng láº¡i (Stop), Äiá»u tra nguá»“n tin (Investigate the source), TÃ¬m cÃ¡c nguá»“n tin khÃ¡c (Find better coverage), vÃ  Truy tÃ¬m láº¡i cÃ¡c trÃ­ch","Chia sáº», ThÃ­ch, BÃ¬nh luáº­n vÃ  Th","QuÃ©t, Nháº­n dáº¡ng, Lá»c vÃ  Ti","TÃ¬m kiáº¿m, PhÃ¢n tÃ­ch, Tá»•ng há»£p vÃ",A,"Dá»«ng láº¡i (Stop), Äiá»u tra nguá»“n tin (Investigate the source), TÃ¬m cÃ¡c nguá»“n tin khÃ¡c (Find better coverage), vÃ  Truy tÃ¬m láº¡i cÃ¡c trÃ­ch"
61,Module 4. An toÃ ,4,3,HÃ£y cho biáº¿t lá»±a chá»n nÃ o dÆ°á»›i Ä‘Ã¢y mÃ´ táº£ Ä‘áº§y Ä‘á»§ vÃ  chÃ­nh xÃ¡c nháº¥t liÃªn quan Ä‘áº¿,"Tráº¡ng thÃ¡i khá»e máº¡nh vá» thá»ƒ cháº¥t, tÃ¢m lÃ½ vÃ  xÃ£ há»™i trong má»‘i quan há»‡ tÆ°Æ¡ng tÃ¡c ",Kháº£ nÄƒng sá»­ dá»¥ng thÃ nh tháº¡o cÃ¡c thiáº¿t bá»‹ cÃ´n,Viá»‡c sá»­ dá»¥ng cÃ¡c á»©ng dá»¥ng y táº¿ trÃªn Ä‘iá»‡n thoáº¡i thÃ´ng minh Ä,Viá»‡c hoÃ n toÃ n tá»« bá» cÃ´ng nghá»‡ Ä‘á»ƒ bá,A,"Tráº¡ng thÃ¡i khá»e máº¡nh vá» thá»ƒ cháº¥t, tÃ¢m lÃ½ vÃ  xÃ£ há»™i trong má»‘i quan há»‡ tÆ°Æ¡ng tÃ¡c "
62,Module 4. An toÃ ,4,3,HÃ£y cho biáº¿t lá»±a chá»n nÃ o dÆ°á»›i Ä‘Ã¢y mÃ´ táº£ chÃ­nh xÃ¡c vÃ  Ä‘áº§y Ä‘á»§ nháº¥t,"Sá»©c khá»e thá»ƒ cháº¥t, sá»©c khá»e tÃ¢m lÃ½ vÃ  cáº£m xÃºc","Sá»©c khá»e tÃ i chÃ­nh, sá»©c khá»e nghá» nghiá»‡p, sá»©c","An toÃ n thiáº¿t bá»‹, an toÃ n dá»¯ liá»‡u, an ","Ká»¹ nÄƒng cÃ´ng nghá»‡, nháº­n thá»©c ká»¹ thuáº­t sá»‘, trÃ¡ch n",A,"Sá»©c khá»e thá»ƒ cháº¥t, sá»©c khá»e tÃ¢m lÃ½ vÃ  cáº£m xÃºc"
63,Module 4. An toÃ ,4,3,Há»™i chá»©ng thá»‹ giÃ¡c mÃ¡y tÃ­nh (CVS) gÃ¢y ra cÃ¡c triá»‡u chá»©n,"Má»i máº¯t, nÃ³ng rÃ¡t, Ä‘au Ä‘áº§u, nhÃ¬n má», vÃ","TÄƒng cÃ¢n, bÃ©o phÃ¬ vÃ  cÃ¡c bá»‡nh vá»","Máº¥t ngá»§, khÃ³ táº­p trung vÃ  hay c",Há»™i chá»©ng á»‘ng cá»• tay vÃ  ,A,"Má»i máº¯t, nÃ³ng rÃ¡t, Ä‘au Ä‘áº§u, nhÃ¬n má», vÃ"
64,Module 4. An toÃ ,4,3,HÃ£y cho biáº¿t lá»±a chá»n nÃ o dÆ°á»›i Ä‘Ã¢y mÃ´ táº£ chÃ­nh xÃ¡c vÃ  Ä‘áº§y Ä‘á»§ nháº¥t liÃªn q,Sá»­ dá»¥ng chuá»™t mÃ¡y tÃ­nh liÃªn tá»¥c gÃ¢y cÄƒng ,GÃµ bÃ n phÃ­m mÃ¡y tÃ­nh quÃ¡ nhiá»u gÃ¢y m,Ngá»“i sai tÆ° tháº¿ khi lÃ m viá»‡c vá»›i mÃ¡y t,"TÆ° tháº¿ cÃºi Ä‘áº§u xem Ä‘iá»‡n thoáº¡i trong thá»i gian dÃ i, lÃ m tÄƒng Ã¡p lá",D,"TÆ° tháº¿ cÃºi Ä‘áº§u xem Ä‘iá»‡n thoáº¡i trong thá»i gian dÃ i, lÃ m tÄƒng Ã¡p lá"
65,Module 4. An toÃ ,4,3,HÃ£y cho biáº¿t Ã¡nh sÃ¡ng xanh tá»« mÃ n hÃ¬nh thiáº¿t bá»‹ Ä‘iá»‡n tá»­ áº£nh hÆ°á»Ÿng Ä‘,KhÃ´ng cÃ³ áº£nh hÆ°á»Ÿng Ä‘Ã¡ng ká»ƒ Ä‘áº¿n cháº¥t,"KÃ­ch thÃ­ch nÃ£o bá»™, lÃ m cho ngÆ°á»i dÃ¹ng cáº£m tháº¥y tá»‰nh tÃ¡",GÃ¢y ra cÃ¡c cÆ¡n Ã¡c má»™ng vÃ  lÃ m giÃ¡n Ä‘oáº¡n chu ,"èc ch¿ viÇc s£n xu¥t melatonin, hormone gây ngç, d«n ¿n rÑi lo¡n gi¥c ngç.",D,"èc ch¿ viÇc s£n xu¥t melatonin, hormone gây ngç, d«n ¿n rÑi lo¡n gi¥c ngç."
66,Module 4. An toÃ ,4,3,HÃ£y cho biáº¿t lá»±a chá»n nÃ o dÆ°á»›i Ä‘Ã¢y mÃ´ táº£ chÃ­nh xÃ¡c vÃ  Ä‘áº§y Ä‘á»§ nháº¥t liÃªn quan ,ChÆ¡i game trÃªn Ä‘iá»‡n thoáº¡i trong nhiá»u giá»,LÆ°á»›t máº¡ng xÃ£ há»™i vÃ´ Ä‘á»‹nh mÃ  khÃ´ng cÃ³ m,Íc các bình lu­n tiêu cñc vÁ b£n thân trên m¡ng.,"TiÃªu thá»¥ má»™t lÆ°á»£ng lá»›n tin tá»©c tiÃªu cá»±c má»™t cÃ¡ch liÃªn tá»¥c, dáº«n Ä‘áº¿n gia tÄƒng",D,"TiÃªu thá»¥ má»™t lÆ°á»£ng lá»›n tin tá»©c tiÃªu cá»±c má»™t cÃ¡ch liÃªn tá»¥c, dáº«n Ä‘áº¿n gia tÄƒng"
67,Module 4. An toÃ ,4,3,HÃ£y cho biáº¿t lá»±a chá»n nÃ o dÆ°á»›i Ä‘Ã¢y mÃ´ táº£ chÃ­nh xÃ¡c vÃ  Ä‘áº§y Ä‘á»§ nháº¥t li,Chia sáº» quÃ¡ nhiá»u thÃ´ng tin cÃ¡ nhÃ¢n tr,TrÃ¡nh xa máº¡ng xÃ£ há»™i vÃ  cÃ¡c thiáº¿t bá»,Chá»‰ tham gia vÃ o cÃ¡c hoáº¡t Ä‘á»™ng ngo,Kiá»ƒm tra máº¡ng xÃ£ há»™i má»™t cÃ¡ch Ã¡m áº£nh Ä‘á»ƒ Ä‘Æ°á»,D,Kiá»ƒm tra máº¡ng xÃ£ há»™i má»™t cÃ¡ch Ã¡m áº£nh Ä‘á»ƒ Ä‘Æ°á»
68,Module 4. An toÃ ,4,3,HÃ£y cho biáº¿t Ã½ nghÄ©a cá»§a viá»‡c sá»­ dá»¥ng quy táº¯c ,Cáº£i thiá»‡n cháº¥t lÆ°á»£ng ,Quáº£n lÃ½ thá»i gian sá»­ dá»¥ng thiáº¿t bá»‹ má»™t,Giáº£m cÄƒng tháº³ng do quÃ¡ táº£i th,Báº£o vá»‡ máº¯t khá»i há»™i chá»©ng thá»‹ ,D,Báº£o vá»‡ máº¯t khá»i há»™i chá»©ng thá»‹ 
69,Module 4. An toÃ ,4,3,HÃ£y cho biáº¿t triáº¿t lÃ½ Tá»‘i giáº£n sá»‘ (Digital Minima,Chá»‰ sá»­ dá»¥ng cÃ¡c thiáº¿t bá»‹ cÃ´ng nghá»‡ cÃ³ thi,HoÃ n toÃ n loáº¡i bá» cÃ´ng nghá»‡ ra khá»i,Sá»­ dá»¥ng táº¥t cáº£ cÃ¡c á»©ng dá»¥ng vÃ  thiáº¿t bá»‹ cÃ³ s,Chá»‰ sá»­ dá»¥ng má»™t cÃ¡ch cÃ³ chá»n lá»c nhá»¯ng cÃ´ng cá»¥ sá»‘ thá»±c sá»± há»— trá»£ cho cÃ¡,D,Chá»‰ sá»­ dá»¥ng má»™t cÃ¡ch cÃ³ chá»n lá»c nhá»¯ng cÃ´ng cá»¥ sá»‘ thá»±c sá»± há»— trá»£ cho cÃ¡
70,Module 4. An toÃ ,4,3,HÃ£y cho biáº¿t lá»±a chá»n nÃ o dÆ°á»›i Ä‘Ã¢y mÃ´ táº£ chÃ­nh xÃ¡c vÃ  Ä‘áº§y Ä‘á»§ nháº¥t liÃªn quan Ä‘áº¿n A,CÃ¡c má»‘i quan há»‡ xÃ£ há»™i Ä‘Æ°á»£c hÃ¬nh thÃ nh vÃ  du,Sá»©c khá»e thá»ƒ cháº¥t vÃ  tÃ¢m lÃ½ cá»§a ngÆ°á»i dÃ¹ng khi tÆ°Æ¡ng,Kháº£ nÄƒng kiáº¿m tiá»n vÃ  phÃ¡t triá»ƒn sá»± nghiá»‡p trong,"CÃ¡c yáº¿u tá»‘ mÃ´i trÆ°á»ng bÃªn ngoÃ i nhÆ° an toÃ n, an ninh, quyá»n riÃªng ",D,"CÃ¡c yáº¿u tá»‘ mÃ´i trÆ°á»ng bÃªn ngoÃ i nhÆ° an toÃ n, an ninh, quyá»n riÃªng "
71,Module 4. An toÃ ,4,3,HÃ£y cho biáº¿t má»‘i quan há»‡ giá»¯a An sinh sá»‘ vÃ  Sá»©c ,Sá»©c khá»e sá»‘ quan trá»ng hÆ¡n An,ChÃºng lÃ  hai khÃ¡i niá»‡m hoÃ n toÃ n Ä‘á»™c láº­p vÃ  khÃ´ng liÃªn,An sinh sá»‘ quan trá»ng hÆ¡n Sá»©c k,"ChÃºng cÃ³ má»‘i quan há»‡ cá»™ng sinh, khÃ´ng thá»ƒ tÃ¡ch rá»i; An sinh sá»‘ lÃ  ná»n táº£ng cho Sá»©",D,"ChÃºng cÃ³ má»‘i quan há»‡ cá»™ng sinh, khÃ´ng thá»ƒ tÃ¡ch rá»i; An sinh sá»‘ lÃ  ná»n táº£ng cho Sá»©"
72,Module 4. An toÃ ,4,3,HÃ£y cho biáº¿t lá»±a chá»n nÃ o dÆ°á»›i Ä‘Ã¢y mÃ´ táº£ chÃ­nh xÃ¡c vÃ  Ä‘áº§y Ä‘á»§ nháº¥t liÃªn quan Ä‘áº¿n thuáº­t ngá»¯,Sá»­ dá»¥ng cÃ¡c váº­t liá»‡u thÃ¢n thiá»‡n vá»›i mÃ´i trÆ°á»ng Ä‘á,Thiáº¿t káº¿ cÃ¡c giao diá»‡n ngÆ°á»i dÃ¹ng Ä‘áº¹p máº¯,"Táº¡o ra cÃ¡c sáº£n pháº©m cÃ³ thá»ƒ sá»­ dá»¥ng Ä‘Æ°á»£c bá»Ÿi táº¥t cáº£ má»i ngÆ°","Táº¡o ra cÃ¡c sáº£n pháº©m tÃ´n trá»ng sá»± chÃº Ã½ cá»§a ngÆ°á»i dÃ¹ng, giáº£m thiá»ƒu cÃ¡c yáº¿u tá»‘ gÃ¢y nghiá»‡n vÃ  cung cáº¥",D,"Táº¡o ra cÃ¡c sáº£n pháº©m tÃ´n trá»ng sá»± chÃº Ã½ cá»§a ngÆ°á»i dÃ¹ng, giáº£m thiá»ƒu cÃ¡c yáº¿u tá»‘ gÃ¢y nghiá»‡n vÃ  cung cáº¥"
73,Module 4. An toÃ ,4,3,HÃ£y cho biáº¿t quy táº¯c á»©ng xá»­ trÃªn máº¡ng (Netiqu,TrÃ­ch dáº«n nguá»“n khi chia sáº» thÃ,LuÃ´n luÃ´n Ä‘Ãºng giá» trong cÃ¡c cuá»™c há»p ,KhÃ´ng bao giá» viáº¿t in hoa toÃ,Ghi nhá»› yáº¿u tá»‘ con ngÆ°á»i (Remember th,D,Ghi nhá»› yáº¿u tá»‘ con ngÆ°á»i (Remember th
74,Module 4. An toÃ ,4,3,HÃ nh Ä‘á»™ng nÃ o dÆ°á»›i Ä‘Ã¢y Ä‘Æ°á»£c xem lÃ  la hÃ©t trong giao ,Tráº£ lá»i tin nháº¯n ngay lá,Sá»­ dá»¥ng nhiá»u biá»ƒu tÆ°á»£,Gá»­i quÃ¡ nhiá»u tin nháº¯n li,Viáº¿t in hoa toÃ n bá»™ ná»™i dung ti,D,Viáº¿t in hoa toÃ n bá»™ ná»™i dung ti
75,Module 4. An toÃ ,4,3,HÃ£y cho biáº¿t lÃ½ do vÃ¬ sao viá»‡c tÆ° duy trÆ°á»›c khi hÃ nh Ä‘á»™ng (Think Before You Post/Share) trÃªn mÃ´i trÆ°á»ng Inte,Má»™t yÃªu cáº§u báº¯t buá»™c cá»§a,GiÃºp báº¡n cÃ³ nhiá»u lÆ°á»£t thÃ­ch vÃ  tÆ°,GiÃºp báº¡n trÃ¡nh bá»‹ cÃ¡c ná»n táº£ng máº¡ng xÃ£ há»™i,"Má»—i lÆ°á»£t bÃ¬nh luáº­n, chia sáº» Ä‘á»u cÃ³ sá»©c áº£nh hÆ°á»Ÿng vÃ  cÃ³ thá»ƒ khuáº¿ch Ä‘áº¡i thÃ",D,"Má»—i lÆ°á»£t bÃ¬nh luáº­n, chia sáº» Ä‘á»u cÃ³ sá»©c áº£nh hÆ°á»Ÿng vÃ  cÃ³ thá»ƒ khuáº¿ch Ä‘áº¡i thÃ"
76,Module 4. An toÃ ,4,3,HÃ£y cho biáº¿t lá»±a chá»n nÃ o dÆ°á»›i Ä‘Ã¢y mÃ´ táº£ chÃ­nh xÃ¡c vÃ  Ä‘áº§y Ä‘á»§ nháº¥t liÃªn quan Ä‘áº¿n thuáº­t ngá,Táº¡o nhiá»u tÃ i khoáº£n áº£o Ä‘á»ƒ á»§ng há»™ cho má»™t,Chá»‰ káº¿t báº¡n vá»›i nhá»¯ng ngÆ°á»i cÃ³ cÃ¹ng quan,Tham gia vÃ o cÃ¡c nhÃ³m Ä‘á»ƒ cÃ´ng kÃ­ch nhá»¯ng ngÆ°á»i cÃ³ Ã½ k,Sá»­ dá»¥ng vá»‹ tháº¿ vÃ  tiáº¿ng nÃ³i cá»§a mÃ¬nh Ä‘á»ƒ á»§ng há»™ vÃ  báº£o vá»‡ cÃ¡c cÃ¡ nhÃ¢n hoáº·c nhÃ³m ng,D,Sá»­ dá»¥ng vá»‹ tháº¿ vÃ  tiáº¿ng nÃ³i cá»§a mÃ¬nh Ä‘á»ƒ á»§ng há»™ vÃ  báº£o vá»‡ cÃ¡c cÃ¡ nhÃ¢n hoáº·c nhÃ³m ng
77,Module 4. An toÃ ,4,3,Báº¡n hÃ nh Ä‘á»™ng nhÆ° tháº¿ nÃ o khi má»™t ngÆ°á»i dÃ¹ng trÃªn máº¡ng Internet cÃ³ biá»ƒu hiá,Chia sáº» bÃ i Ä‘Äƒng cá»§a há» vá»›i nhá»¯ng ngÆ°á»i báº¡n khÃ¡c,BÃ¬nh luáº­n cÃ´ng khai trÃªn bÃ i Ä‘Äƒng cá»§a há» Ä‘á»ƒ há»i xem cÃ³,Bá» qua vÃ¬ Ä‘Ã³ lÃ  chuyá»‡n riÃªng t,Tiáº¿p cáº­n má»™t cÃ¡ch riÃªng tÆ° vÃ  táº¿ nhá»‹ qua tin nháº¯n riÃªng Ä‘á»ƒ,D,Tiáº¿p cáº­n má»™t cÃ¡ch riÃªng tÆ° vÃ  táº¿ nhá»‹ qua tin nháº¯n riÃªng Ä‘á»ƒ
78,Module 4. An toÃ ,4,3,Vai trÃ² quan trá»ng nháº¥t cá»§a báº¡n khi há»— trá»£ má»™t ngÆ°á»i báº¡n Ä‘ang gáº·p kh,Cá»‘ gáº¯ng lÃ m cho há» vui lÃªn báº±ng nhá»¯ng cÃ¢u chu,°a ra lİi khuyên và gi£i pháp cho v¥n Á cça hÍ.,Ká»ƒ cho há» nghe nhá»¯ng cÃ¢u chuyá»‡n tÆ°Æ¡ng tá»± Ä‘á»ƒ há»,Láº¯ng nghe khÃ´ng phÃ¡n xÃ©t vÃ  káº¿t ná»‘i há» vá»›i nhá»¯ng ngÆ°,D,Láº¯ng nghe khÃ´ng phÃ¡n xÃ©t vÃ  káº¿t ná»‘i há» vá»›i nhá»¯ng ngÆ°
79,Module 4. An toÃ ,4,3,"Trong trÆ°á»ng há»£p kháº©n cáº¥p, náº¿u báº¡n tin ráº±ng báº¡n cá»§a mÃ¬nh Ä‘ang cÃ³ nguy cÆ¡ tá»± háº¡",Chá» Ä‘á»£i xem tÃ¬nh hÃ¬nh cÃ³ trá»Ÿ nÃªn tá»,Giá»¯ bÃ­ máº­t vÃ¬ Ä‘Ã³ lÃ  lá»i há»©a cá,Cá»‘ gáº¯ng tá»± mÃ¬nh giáº£i quyá,"LiÃªn há»‡ ngay vá»›i cÃ¡c dá»‹ch vá»¥ kháº©n cáº¥p, phÃ²ng cÃ´ng tÃ¡c sinh viÃªn hoáº·c má»™t ngÆ°á",D,"LiÃªn há»‡ ngay vá»›i cÃ¡c dá»‹ch vá»¥ kháº©n cáº¥p, phÃ²ng cÃ´ng tÃ¡c sinh viÃªn hoáº·c má»™t ngÆ°á"
80,Module 4. An toÃ ,4,3,HÃ nh Ä‘á»™ng nÃ o dÆ°á»›i Ä‘Ã¢y thá»ƒ hiá»‡n báº¡n lÃ  má»™t cÃ´ng dÃ¢n sá»‘ cÃ³ trÃ¡,TrÃ¡nh xa cÃ¡c cuá»™c tranh luáº­n vá» cÃ´ng nghá»‡ trÃªn ,Chá»‰ sá»­ dá»¥ng cÃ¡c cÃ´ng nghá»‡ Ä‘Ã£ Ä‘Æ°á»£c kiá»ƒm chá»©ng l,LuÃ´n cáº­p nháº­t cÃ¡c thiáº¿t bá»‹ vÃ  pháº§n ,"Tham gia tÃ­ch cá»±c vÃ o cÃ¡c cuá»™c Ä‘á»‘i thoáº¡i xÃ£ há»™i Ä‘á»ƒ Ä‘á»‹nh hÃ¬nh cÃ¡c quy táº¯c, chuáº©n má»±c vÃ  lu",D,"Tham gia tÃ­ch cá»±c vÃ o cÃ¡c cuá»™c Ä‘á»‘i thoáº¡i xÃ£ há»™i Ä‘á»ƒ Ä‘á»‹nh hÃ¬nh cÃ¡c quy táº¯c, chuáº©n má»±c vÃ  lu"
81,Module 4. An toÃ ,4,3,·c iÃm nào cça công nghÇ sÑ cho phép thông tin °ãc sao chép và phân phÑi nhanh chóng mà không làm gi£m ch¥t l°ãng?,Dá»¯ liá»‡u Ä‘Æ°á»£c chuyá»ƒn Ä‘á»•i thÃ nh dáº¡ng ,TÃ­n hiá»‡u sá»‘ Ã­t bá»‹ nhiá»…u vÃ  mÃ©o mÃ³ hÆ¡n tÃ­n,CÃ¡c thiáº¿t bá»‹ sá»‘ cÃ³ kháº£ nÄƒng káº¿t ná»‘i vá»›i nhau q,Pháº§n má»m cÃ³ thá»ƒ xá»­ lÃ½ lÆ°á»£ng lá»›n dá»¯ liá»‡,B,TÃ­n hiá»‡u sá»‘ Ã­t bá»‹ nhiá»…u vÃ  mÃ©o mÃ³ hÆ¡n tÃ­n
82,Module 4. An toÃ ,4,3,ThÃ nh pháº§n nÃ o dÆ°á»›i Ä‘Ã¢y Ä‘Æ°á»£c vÃ­ nhÆ° trÃ­ tuá»‡ vÃ  linh há»“n,Dá»¯ liá»‡u (Da,Pháº§n cá»©ng (Hardwa,Máº¡ng vÃ  káº¿t ná»‘i (Networks and Connect,Pháº§n má»m (Softwa,D,Pháº§n má»m (Softwa
83,Module 4. An toÃ ,4,3,HÃ£y cho biáº¿t chá»©c nÄƒng chÃ­nh cá»§a thiáº¿t bá»‹ IoT (Internet of T,Káº¿t ná»‘i cÃ¡c mÃ¡y tÃ­nh vÃ  thiáº¿t bá»‹ khÃ¡c trong má»™t má,Cung cáº¥p dá»‹ch vá»¥ vÃ  tÃ i nguyÃªn cho cÃ¡c mÃ¡y tÃ­nh khÃ¡,Quáº£n lÃ½ tÃ i nguyÃªn pháº§n cá»©ng vÃ  cung cáº¥p mÃ´i trÆ°á»ng cho cÃ¡c á»©ng d,Thu tháº­p vÃ  trao Ä‘á»•i dá»¯ liá»‡u tá»± Ä‘á»™ng thÃ´ng qua cÃ¡c cáº£m biáº¿n Ä,D,Thu tháº­p vÃ  trao Ä‘á»•i dá»¯ liá»‡u tá»± Ä‘á»™ng thÃ´ng qua cÃ¡c cáº£m biáº¿n Ä
84,Module 4. An toÃ ,4,3,HÃ£y cho biáº¿t lá»±a chá»n nÃ o dÆ°á»›i Ä‘Ã¢y mÃ´ táº£ chÃ­nh xÃ¡c vÃ  Ä‘áº§y Ä‘á»§ nháº¥t liÃªn quan Ä‘áº¿n thuáº­t ngá»¯ Ä,Giáº£m dung lÆ°á»£ng lÆ°u trá»¯ cáº§n thiáº¿t cho cÃ¡c loáº¡i dá»¯ liá»‡u phá»©c táº¡p,TÄƒng cÆ°á»ng kháº£ nÄƒng lÆ°u trá»¯ dá»¯ liá»‡u trÃªn cÃ¡c thiáº¿t bá»‹ cÃ¡ nhÃ¢n nhÆ° ,LÃ m cho viá»‡c lÆ°u trá»¯ dá»¯ liá»‡u trá»Ÿ nÃªn kÃ©m an toÃ n hÆ¡n do pháº£i phá»¥ t,Cho phÃ©p ngÆ°á»i dÃ¹ng thuÃª tÃ i nguyÃªn Ä‘iá»‡n toÃ¡n tá»« cÃ¡c nhÃ  cung cáº¥p dá»‹ch vá»¥ thÃ´ng qua internet thay vÃ¬ sá»Ÿ,D,Cho phÃ©p ngÆ°á»i dÃ¹ng thuÃª tÃ i nguyÃªn Ä‘iá»‡n toÃ¡n tá»« cÃ¡c nhÃ  cung cáº¥p dá»‹ch vá»¥ thÃ´ng qua internet thay vÃ¬ sá»Ÿ
85,Module 4. An toÃ ,4,3,HÃ£y cho biáº¿t lá»±a chá»n nÃ o dÆ°á»›i Ä‘Ã¢y mÃ´ táº£ chÃ­nh xÃ¡c vÃ  Ä‘áº§y Ä‘á»§ nháº¥t liÃªn quan Ä‘áº¿n th,Dá»… dÃ ng xá»­ lÃ½ báº±ng cÃ¡c cÃ´ng cá»¥ phÃ¢n tÃ­ch,Chá»‰ bao gá»“m dá»¯ liá»‡u dáº¡ng vÄƒn,°ãc l°u trï trong các c¡ sß dï liÇu truyÁn thÑng.,"Khá»‘i lÆ°á»£ng dá»¯ liá»‡u cá»±c lá»›n, Ä‘a dáº¡ng vá» Ä‘á»‹nh dáº¡ng vÃ",D,"Khá»‘i lÆ°á»£ng dá»¯ liá»‡u cá»±c lá»›n, Ä‘a dáº¡ng vá» Ä‘á»‹nh dáº¡ng vÃ"
86,Module 4. An toÃ ,4,3,QuÃ¡ trÃ¬nh huáº¥n luyá»‡n cÃ¡c mÃ´ hÃ¬nh TrÃ­ tuá»‡ nhÃ¢n táº¡o (AI) Ä‘Ã£ táº¡o ra nhá»¯ng tÃ¡c Ä‘á»™n,GÃ¢y Ã´ nhiá»…m tiáº¿ng á»“n tá»« cÃ¡c trung t,GÃ¢y ra Ã´ nhiá»…m nguá»“n nÆ°á»›c do sá»­ dá»¥ng nh,Táº¡o ra má»™t lÆ°á»£ng lá»›n rÃ¡c tháº£i Ä‘iá»‡n tá»­ t,"TiÃªu thá»¥ má»™t lÆ°á»£ng nÄƒng lÆ°á»£ng tÃ­nh toÃ¡n khá»•ng lá»“, táº¡o ra dáº¥u ",D,"TiÃªu thá»¥ má»™t lÆ°á»£ng nÄƒng lÆ°á»£ng tÃ­nh toÃ¡n khá»•ng lá»“, táº¡o ra dáº¥u "
87,Module 4. An toÃ ,4,3,CÃ´ng nghá»‡ chuá»—i khá»‘i (Blockchain) Ä‘Æ°á»£c biáº¿t Ä‘áº¿n nhiá»u nháº¥t thÃ,Quáº£n lÃ½ nÄƒng lÆ°á»£ng t,Quáº£n lÃ½ chuá»—i cung,Theo dÃµi nguá»“n gá»‘c sáº£,CÃ¡c loáº¡i tiá»n Ä‘iá»‡n tá»­ nh,D,CÃ¡c loáº¡i tiá»n Ä‘iá»‡n tá»­ nh
88,Module 4. An toÃ ,4,3,CÆ¡ cháº¿ Ä‘á»“ng thuáº­n Proof of Work (PoW) cá»§a Bitcoin gÃ¢y ra lo ngáº¡i vá» mÃ´,GÃ¢y ra cÃ¡c cuá»™c xung Ä‘á»™t vá» tÃ i nguyÃªn ,YÃªu cáº§u má»™t lÆ°á»£ng lá»›n nÆ°á»›c Ä‘á»ƒ lÃ m,Táº¡o ra nhiá»u rÃ¡c tháº£i Ä‘iá»‡n tá»­ tá»« cÃ¡c thiá,òi hÏi séc m¡nh tính toán cñc lÛn và tiêu thå mÙt l°ãng nng l°ãng iÇn khÕng lÓ.,D,òi hÏi séc m¡nh tính toán cñc lÛn và tiêu thå mÙt l°ãng nng l°ãng iÇn khÕng lÓ.
89,Module 4. An toÃ ,4,3,HÃ£y cho biáº¿t Ä‘iá»ƒm khÃ¡c nhau cÆ¡ báº£n giá»¯a Thá»±c táº¿ áº£o (VR) vÃ  Thá»±c táº¿,"VR lÃ  má»™t cÃ´ng nghá»‡ cÅ©, trong khi AR lÃ  má»™t cÃ´n","VR yÃªu cáº§u sá»­ dá»¥ng kÃ­nh Ä‘áº·c biá»‡t, trong khi AR chá»‰ cáº§n Ä‘iá»","VR Ä‘Æ°á»£c sá»­ dá»¥ng cho giáº£i trÃ­, trong khi AR Ä‘Æ°á»£c sá»­ dá","VR táº¡o ra má»™t mÃ´i trÆ°á»ng mÃ´ phá»ng hoÃ n toÃ n, trong khi AR chá»“ng cÃ¡c yáº¿u tá»‘ á",D,"VR táº¡o ra má»™t mÃ´i trÆ°á»ng mÃ´ phá»ng hoÃ n toÃ n, trong khi AR chá»“ng cÃ¡c yáº¿u tá»‘ á"
90,Module 4. An toÃ ,4,3,CÃ´ng nghá»‡ sá»‘ giÃºp giÃ¡m sÃ¡t cháº¥t lÆ°á»£ng khÃ´ng khÃ­ vÃ  nÆ°á»›c hiá»‡u q,Khuyáº¿n khÃ­ch ngÆ°á»i dÃ¢n sá»­ dá»¥ng phÆ°Æ¡ng tiá»‡n giao t,Giáº£m sá»‘ lÆ°á»£ng nhÃ  mÃ¡y gÃ¢,Cung cáº¥p cÃ¡c bá»™ lá»c khÃ´ng khÃ­ vÃ  nÆ°á»›c ,Triá»ƒn khai cÃ¡c cáº£m biáº¿n thÃ´ng minh vÃ  há»‡ thá»‘ng IoT Ä‘á»ƒ thu tháº­p dá»¯ liá»‡u chi tiá,D,Triá»ƒn khai cÃ¡c cáº£m biáº¿n thÃ´ng minh vÃ  há»‡ thá»‘ng IoT Ä‘á»ƒ thu tháº­p dá»¯ liá»‡u chi tiá
91,Module 4. An toÃ ,4,4,Ná»n táº£ng Global Forest Watch sá»­ dá»¥ng cÃ´ng nghá»‡ gÃ¬ Ä‘á»ƒ cung cáº¥p cáº£nh b,BÃ¡o cÃ¡o tá»« ngÆ°á»i dÃ¢n Ä‘á,Cáº£m biáº¿n máº·,Drone giÃ¡m sÃ¡,Dá»¯ liá»‡u vá»‡,D,Dá»¯ liá»‡u vá»‡
92,Module 4. An toÃ ,4,4,HÃ£y cho biáº¿t cÃ´ng nghá»‡ sá»‘ Ä‘Æ°á»£c sá»­ dá»¥ng nháº±m há»— trá»£ báº£o vá»‡ Ä‘á»,Táº¡o ra cÃ¡c khu báº£o tá»“n áº£o Ä‘á»ƒ Ä‘á»™ng,Sá»­ dá»¥ng cÃ¡c thiáº¿t bá»‹ theo dÃµi gáº¯n GPS vÃ  camera báº«y káº¿t ná»‘i IoT Ä‘á»ƒ theo dÃµi hÃ nh vi vÃ,NhÃ¢n báº£n vÃ´ tÃ­nh cÃ¡c loÃ i Ä‘á»™ng váº­t cÃ³ nguy cÆ,Cung cáº¥p thá»©c Äƒn tá»•ng há»£p cho Ä‘á»™ng v,B,Sá»­ dá»¥ng cÃ¡c thiáº¿t bá»‹ theo dÃµi gáº¯n GPS vÃ  camera báº«y káº¿t ná»‘i IoT Ä‘á»ƒ theo dÃµi hÃ nh vi vÃ
93,Module 4. An toÃ ,4,4,LÆ°á»›i Ä‘iá»‡n thÃ´ng minh (Smart Grid) giÃºp giáº£m tá»•n tháº¥t nÄƒng lÆ°á»£ng vÃ  tÃ­ch há»£p nÄƒng lÆ°á»,XÃ¢y dá»±ng nhiá»u nhÃ  mÃ¡y Ä‘iá»‡n háº,CÃ¢n báº±ng cung cáº§u Ä‘iá»‡n nÄƒng theo thá»i gian thá»±c vÃ  quáº£n lÃ½ phÃ¢n phá»‘,YÃªu cáº§u ngÆ°á»i dÃ¢n giáº£m má»©c tiÃ,Thay tháº¿ toÃ n bá»™ há»‡ thá»‘ng dÃ¢y Ä‘iá»‡n cÅ© báº±,B,CÃ¢n báº±ng cung cáº§u Ä‘iá»‡n nÄƒng theo thá»i gian thá»±c vÃ  quáº£n lÃ½ phÃ¢n phá»‘
94,Module 4. An toÃ ,4,4,"Trong nÃ´ng nghiá»‡p thÃ´ng minh, viá»‡c sá»­ dá»¥ng cáº£m biáº¿n Ä‘áº¥t vÃ  há»‡ thá»‘ng Io",TÄƒng diá»‡n tÃ­ch Ä‘áº¥t ca,"Tiáº¿t kiá»‡m Ä‘Ã¡ng ká»ƒ lÆ°á»£ng nÆ°á»›c, phÃ¢n bÃ³n vÃ  thuá»‘c trá»« sÃ¢u báº±ng cÃ¡ch cung ",Giáº£m sá»‘ lÆ°á»£ng nhÃ¢n cÃ´ng c,Trá»“ng Ä‘Æ°á»£c cÃ¡c loáº¡i cÃ¢y trá»“ng má»›i khÃ´ng phÃ¹ há»£p vá»›i Ä,B,"Tiáº¿t kiá»‡m Ä‘Ã¡ng ká»ƒ lÆ°á»£ng nÆ°á»›c, phÃ¢n bÃ³n vÃ  thuá»‘c trá»« sÃ¢u báº±ng cÃ¡ch cung "
95,Module 4. An toÃ ,4,4,Há»‡ thá»‘ng giao thÃ´ng thÃ´ng minh (ITS) giÃºp giáº£m Ã¹n táº¯c vÃ  khÃ­ thá,XÃ¢y dá»±ng thÃªm nhiá»u Ä‘Æ°á»ng cao tá»‘c ,Tá»‘i Æ°u hÃ³a luá»“ng di chuyá»ƒn báº±ng cÃ¡ch Ä‘iá»u khiá»ƒn Ä‘Ã¨n giao thÃ´ng vÃ  quáº£n lÃ½ luá»“n,Háº¡n cháº¿ sá»‘ lÆ°á»£ng xe cÃ¡ nhÃ¢n Ä‘Æ°á»£c ,Khuyáº¿n khÃ­ch ngÆ°á»i dÃ¢n Ä‘i bá»™ hoáº·,B,Tá»‘i Æ°u hÃ³a luá»“ng di chuyá»ƒn báº±ng cÃ¡ch Ä‘iá»u khiá»ƒn Ä‘Ã¨n giao thÃ´ng vÃ  quáº£n lÃ½ luá»“n
96,Module 4. An toÃ ,4,4,Kinh táº¿ tuáº§n hoÃ n Ä‘Æ°á»£c thÃºc Ä‘áº©y bá»Ÿi cÃ´ng nghá»‡ sá»,Khuyáº¿n khÃ­ch ngÆ°á»i tiÃªu dÃ¹ng mua sáº¯m nhiá»u hÆ¡n Ä‘á»ƒ th,Táº¡o ra cÃ¡c thá»‹ trÆ°á»ng trá»±c tuyáº¿n cho váº­t liá»‡u tÃ¡i cháº¿ vÃ  sá»­ dá»¥ng Blockchain Ä‘á»ƒ theo dÃ,Giáº£m giÃ¡ thÃ nh cá»§a cÃ¡c sáº£n pháº©m má»›i Ä‘á»ƒ ngÆ°á»i tiÃªu dÃ¹ng dá,Ñt rác th£i Ã t¡o ra nng l°ãng.,B,Táº¡o ra cÃ¡c thá»‹ trÆ°á»ng trá»±c tuyáº¿n cho váº­t liá»‡u tÃ¡i cháº¿ vÃ  sá»­ dá»¥ng Blockchain Ä‘á»ƒ theo dÃ
97,Module 4. An toÃ ,4,4,HÃ£y cho biáº¿t lá»±a chá»n nÃ o dÆ°á»›i Ä‘Ã¢y mÃ´ táº£ chÃ­nh xÃ¡c vÃ  Ä‘áº§y Ä‘á»§ nháº¥t liÃªn quan Ä‘,Cung cáº¥p cÃ¡c khÃ³a há»c trá»±c tuyáº¿n miá»…n phÃ­ vá» khoa ,Cho phÃ©p ngÆ°á»i dÃ¢n tham gia giÃ¡m sÃ¡t mÃ´i trÆ°á»ng báº±ng cÃ¡ch sá»­ dá»¥ng cÃ¡c á»©ng dá»¥ng di Ä‘á»™ng Ä‘á»ƒ,Tá»• chá»©c cÃ¡c cuá»™c thi khoa há»c cho s,TÃ i trá»£ cho cÃ¡c dá»± Ã¡n nghiÃªn cá»©u cá»§a cÃ¡c nhÃ  khoa,B,Cho phÃ©p ngÆ°á»i dÃ¢n tham gia giÃ¡m sÃ¡t mÃ´i trÆ°á»ng báº±ng cÃ¡ch sá»­ dá»¥ng cÃ¡c á»©ng dá»¥ng di Ä‘á»™ng Ä‘á»ƒ
98,Module 4. An toÃ ,4,4,HÃ£y cho biáº¿t táº¡i sao cÃ¡c trung tÃ¢m dá»¯ liá»‡u (Data Centers) láº¡i tiÃªu thá»¥ má»™t lÆ°á»£ng,Ã xây dñng các tòa nhà có kh£ nng chÑng chËu thiên tai.,Ã v­n hành hàng ngàn máy chç liên tåc 24/7 và duy trì hÇ thÑng làm mát phéc t¡p.,Ã tr£ l°¡ng cho Ùi ngi nhân viên kù thu­t ông £o.,Ã mua các ph§n mÁm và gi¥y phép b£n quyÁn ¯t tiÁn.,B,Ã v­n hành hàng ngàn máy chç liên tåc 24/7 và duy trì hÇ thÑng làm mát phéc t¡p.
99,Module 4. An toÃ ,4,4,HÃ£y cho biáº¿t váº¥n Ä‘á» mÃ´i trÆ°á»ng nghiÃªm trá»ng nháº¥t liÃªn quan Ä‘áº¿n viá»‡c khai thÃ¡c tiá»n ,GÃ¢y Ã´ nhiá»…m nguá»“n nÆ°á»›c do sá»­ dá»¥ng hÃ³a cháº¥t trong quÃ¡,TiÃªu thá»¥ má»™t lÆ°á»£ng nÄƒng lÆ°á»£ng Ä‘i,Táº¡o ra má»™t lÆ°á»£ng lá»›n rÃ¡c tháº£i Ä‘iá»‡n tá»­ tá»« cÃ¡c th,GÃ¢y ra tiáº¿ng á»“n lá»›n áº£nh hÆ°á»Ÿng Ä‘áº¿n cÃ¡c khu dÃ,B,TiÃªu thá»¥ má»™t lÆ°á»£ng nÄƒng lÆ°á»£ng Ä‘i
100,Module 4. An toÃ ,4,4,HÃ£y cho biáº¿t nguyÃªn nhÃ¢n chÃ­nh táº¡o ra má»™t lÆ°á»£ng lá»›n rÃ¡c tháº£i Ä‘iá»‡,Thiáº¿u cÃ¡c chÆ°Æ¡ng trÃ¬nh thu gom vÃ  tÃ¡i cháº¿,Tá»‘c Ä‘á»™ lá»—i thá»i nhanh chÃ³ng cá»§a cÃ¡c thiáº¿t bá»‹ vÃ  chu ká»³ nÃ¢ng cáº¥p ngáº¯n ,GiÃ¡ thÃ nh cá»§a cÃ¡c thiáº¿t bá»‹ má»›i ng,NgÆ°á»i tiÃªu dÃ¹ng khÃ´ng biáº¿t cÃ¡ch xá»­ lÃ½ cÃ¡c,B,Tá»‘c Ä‘á»™ lá»—i thá»i nhanh chÃ³ng cá»§a cÃ¡c thiáº¿t bá»‹ vÃ  chu ká»³ nÃ¢ng cáº¥p ngáº¯n 
101,Module 4. An toÃ ,4,4,HÃ£y cho biáº¿t lÃ½ do khiáº¿n rÃ¡c tháº£i Ä‘iá»‡n tá»­ láº¡i nguy hiá»ƒm Ä‘á»‘i vá»›i mÃ´i trÆ°á,Chiáº¿m quÃ¡ nhiá»u diá»‡n tÃ­ch trong cÃ¡c bÃ£i,"Chá»©a nhiá»u kim loáº¡i náº·ng vÃ  hÃ³a cháº¥t Ä‘á»™c háº¡i nhÆ° chÃ¬, thá»§y ngÃ¢n, cadmium cÃ³ t",CÃ³ thá»ƒ gÃ¢y chÃ¡y ná»• náº¿u khÃ´ng Ä‘Æ°á»£c lÆ°u,LÃ m giáº£m giÃ¡ trá»‹ tháº©m má»¹ cá»§,B,"Chá»©a nhiá»u kim loáº¡i náº·ng vÃ  hÃ³a cháº¥t Ä‘á»™c háº¡i nhÆ° chÃ¬, thá»§y ngÃ¢n, cadmium cÃ³ t"
102,Module 4. An toÃ ,4,4,Kim loáº¡i xung Ä‘á»™t (Conflict minerals) lÃ  gÃ¬? HÃ£y lá»±a chá»n Ä‘Ã¡p,CÃ¡c kim loáº¡i cÃ³ tÃ­nh cháº¥t hÃ³a há»c Ä‘á»‘i khÃ¡ng nhau vÃ  khÃ´ng thá»ƒ Ä‘Æ°á»£c sá»­ dá»¥ng cÃ,CÃ¡c khoÃ¡ng sáº£n Ä‘Æ°á»£c khai thÃ¡c á»Ÿ cÃ¡c vÃ¹ng cÃ³ xung Ä‘á»™t vÅ© trang vÃ  viá»‡c buÃ´n bÃ¡n chÃºng cÃ³ thá»ƒ tÃ ,CÃ¡c kim loáº¡i quÃ½ hiáº¿m mÃ  cÃ¡c quá»‘c gia tranh giÃ nh qu,CÃ¡c kim loáº¡i khÃ³ khai thÃ¡c vÃ  Ä‘Ã²i há»i cÃ´n,B,CÃ¡c khoÃ¡ng sáº£n Ä‘Æ°á»£c khai thÃ¡c á»Ÿ cÃ¡c vÃ¹ng cÃ³ xung Ä‘á»™t vÅ© trang vÃ  viá»‡c buÃ´n bÃ¡n chÃºng cÃ³ thá»ƒ tÃ 
103,Module 4. An toÃ ,4,4,Dáº¥u chÃ¢n carbon cá»§a chuá»—i cung á»©ng trong ngÃ nh cÃ´ng nghá»‡ chá»§ ,Viá»‡c Ä‘Ã³ng gÃ³i sáº£n pháº©m báº±ng cÃ¡c váº­t liá»‡u kh,QuÃ¡ trÃ¬nh váº­n chuyá»ƒn linh kiá»‡n vÃ  sáº£n pháº©m trÃªn toÃ n cáº§u báº±ng cÃ¡c phÆ°Æ¡ng tiá»‡n sá»­ ,Chi phÃ­ quáº£ng cÃ¡o vÃ  tiáº¿p thá»‹ sáº£n pháº©m trÃªn ,Viá»‡c lÆ°u trá»¯ sáº£n pháº©m trong cÃ¡c nh,B,QuÃ¡ trÃ¬nh váº­n chuyá»ƒn linh kiá»‡n vÃ  sáº£n pháº©m trÃªn toÃ n cáº§u báº±ng cÃ¡c phÆ°Æ¡ng tiá»‡n sá»­ 
104,Module 4. An toÃ ,4,4,HÃ£y cho biáº¿t Ä‘Ã¡p Ã¡n nÃ o dÆ°á»›i Ä‘Ã¢y mÃ´ táº£ cho hiá»‡u á»,Viá»‡c tÃ¡i cháº¿ má»™t sáº£n pháº©m láº¡i tá»‘n nhiá»u nÄƒng lÆ°á»£ng hÆ¡n lÃ  sáº,Viá»‡c cáº£i thiá»‡n hiá»‡u quáº£ sá»­ dá»¥ng má»™t tÃ i nguyÃªn láº¡i dáº«n Ä‘áº¿n viá»‡c tÄƒng tá»•,Viá»‡c sá»­ dá»¥ng nÄƒng lÆ°á»£ng tÃ¡i táº¡o láº¡i gÃ¢y ra cÃ¡c váº¥n ,Viá»‡c nÃ¢ng cao nháº­n thá»©c vá» mÃ´i trÆ°á»ng láº¡i khiáº¿n ngÆ°á»i ta,B,Viá»‡c cáº£i thiá»‡n hiá»‡u quáº£ sá»­ dá»¥ng má»™t tÃ i nguyÃªn láº¡i dáº«n Ä‘áº¿n viá»‡c tÄƒng tá»•
105,Module 4. An toÃ ,4,4,HÃ£y cho biáº¿t giáº£i phÃ¡p nháº±m giáº£m thiá»ƒu rÃ¡c tháº£i,Chá»‰ mua cÃ¡c thiáº¿t bá»‹ tá»« cÃ¡c thÆ°Æ¡ng hiá»‡u ,"KÃ©o dÃ i vÃ²ng Ä‘á»i sá»­ dá»¥ng cá»§a thiáº¿t bá»‹, sá»­a chá»¯a, tÃ¡i sá",Vá»©t bá» cÃ¡c thiáº¿t bá»‹ cÅ© vÃ o thÃ¹ng rÃ¡c tÃ¡i chá,ThÃ¡o dá»¡ cÃ¡c thiáº¿t bá»‹ cÅ© Ä‘á»ƒ láº¥y cÃ¡c linh kiá»‡n ,B,"KÃ©o dÃ i vÃ²ng Ä‘á»i sá»­ dá»¥ng cá»§a thiáº¿t bá»‹, sá»­a chá»¯a, tÃ¡i sá"
106,Module 4. An toÃ ,4,4,HÃ£y cho biáº¿t chÃ­nh sÃ¡ch trÃ¡ch nhiá»‡m má»Ÿ rá»™ng Ä‘á»‘i vá»›i cÃ¡c nhÃ  sá,Chá»‰ sáº£n xuáº¥t cÃ¡c thiáº¿t bá»‹ tiáº¿t kiá,"Chá»‹u trÃ¡ch nhiá»‡m vá» toÃ n bá»™ vÃ²ng Ä‘á»i cá»§a sáº£n pháº©m, tá»« thiáº¿t ká",Cung cáº¥p báº£o hÃ nh dÃ i háº¡n cho táº¥t cáº£ c,Giáº£m giÃ¡ thÃ nh sáº£n pháº©m Ä‘á»ƒ ngÆ°á»i tiÃªu dÃ¹ng d,B,"Chá»‹u trÃ¡ch nhiá»‡m vá» toÃ n bá»™ vÃ²ng Ä‘á»i cá»§a sáº£n pháº©m, tá»« thiáº¿t ká"
107,Module 4. An toÃ ,4,4,HÃ£y cho biáº¿t chÃ­nh phá»§ cÃ³ thá»ƒ khuyáº¿n khÃ­ch cÃ¡c cÃ´ng ty cÃ´ng nghá»‡ sá»­ dá»¥ng nÄƒng lÆ°á»£,Báº¯t buá»™c táº¥t cáº£ cÃ¡c trung tÃ¢m dá»¯ liá»‡u pháº£i tá»± sá,"°a ra các °u ãi thu¿, trã c¥p ho·c các kho£n vay °u ãi.",TÄƒng giÃ¡ Ä‘iá»‡n tá»« cÃ¡c nguá»“n nÄƒng lÆ°á»,Cáº¥m xÃ¢y dá»±ng cÃ¡c trung tÃ¢m dá»¯ ,B,"°a ra các °u ãi thu¿, trã c¥p ho·c các kho£n vay °u ãi."
108,Module 4. An toÃ ,4,4,HÃ£y cho biáº¿t má»¥c tiÃªu cá»§a viá»‡c thÃºc Ä‘áº©y kinh táº¿ tuáº§n hoÃ n trong lÄ©nh ,Táº¡o ra má»™t chu trÃ¬nh sáº£n xuáº¥t vÃ  tiÃªu dÃ¹ng liÃªn tá»¥c khÃ´,"Thiáº¿t káº¿ sáº£n pháº©m dá»… dÃ ng sá»­a chá»¯a, nÃ¢ng cáº¥p vÃ  thÃ¡o rá»i Ä‘á»ƒ tÃ¡i cháº¿, gi",Khuyáº¿n khÃ­ch ngÆ°á»i tiÃªu dÃ¹ng liÃªn tá»¥c mua cÃ¡c sáº£n pháº©m má»›i Ä‘,TÃ¡i sá»­ dá»¥ng cÃ¡c thiáº¿t bá»‹ cÅ© mÃ  khÃ´ng cáº§n sá»­a c,B,"Thiáº¿t káº¿ sáº£n pháº©m dá»… dÃ ng sá»­a chá»¯a, nÃ¢ng cáº¥p vÃ  thÃ¡o rá»i Ä‘á»ƒ tÃ¡i cháº¿, gi"
109,Module 4. An toÃ ,4,4,HÃ£y cho biáº¿t chá»‰ sá»‘ kháº£ nÄƒng sá»­a chá»¯a mÃ  nÆ°á»›c PhÃ¡p Ä‘Ã£ ban h,Xáº¿p háº¡ng cÃ¡c cá»­a hÃ ng sá»­a chá»¯a dá»±a trÃªn cháº,Khuyáº¿n khÃ­ch ngÆ°á»i tiÃªu dÃ¹ng lá»±a chá»n cÃ¡c sáº£n pháº©m Ä‘iá»‡n,Cung cáº¥p hÆ°á»›ng dáº«n sá»­a chá»¯a chi tiáº¿t cho táº¥t cáº£ c,ánh giá Ù bÁn cça các s£n ph©m iÇn tí.,B,Khuyáº¿n khÃ­ch ngÆ°á»i tiÃªu dÃ¹ng lá»±a chá»n cÃ¡c sáº£n pháº©m Ä‘iá»‡n
110,Module 4. An toÃ ,4,4,HÃ£y cho biáº¿t viá»‡c lÃ m nÃ o dÆ°á»›i Ä‘Ã¢y nháº±m giÃºp ngÆ°á»i dÃ¹ng cÃ³ thá»ƒ sá»­ dá»¥ng dá»‹ch vá»¥ Ä‘Ã¡m ,Táº£i táº¥t cáº£ dá»¯ liá»‡u cá»§a mÃ¬nh lÃªn Ä‘Ã¡m mÃ¢y Ä‘á»ƒ giáº£i phÃ³ng dung lÆ°á»,Dá»n dáº¹p cÃ¡c tá»‡p cÅ© khÃ´ng dÃ¹ng Ä‘áº¿n vÃ  chá»n cÃ i Ä‘áº·t cháº¥t lÆ°á»£ng video phÃ¹ há»£p thay vÃ¬ luÃ´,LuÃ´n báº­t cháº¿ Ä‘á»™ Ä‘á»“ng bá»™ hÃ³a tá»± Ä‘á»™ng cho t,Chá»‰ sá»­ dá»¥ng cÃ¡c dá»‹ch vá»¥ Ä‘Ã¡m ,B,Dá»n dáº¹p cÃ¡c tá»‡p cÅ© khÃ´ng dÃ¹ng Ä‘áº¿n vÃ  chá»n cÃ i Ä‘áº·t cháº¥t lÆ°á»£ng video phÃ¹ há»£p thay vÃ¬ luÃ´
111,Module 4. An toÃ ,4,4,HÃ£y cho biáº¿t hÃ nh Ä‘á»™ng nÃ o dÆ°á»›i Ä‘Ã¢y giÃºp báº£o vá»‡ dá»¯ liá»‡u cÃ¡ nhÃ¢n v,Táº¯t táº¥t cáº£ thÃ´ng bÃ¡o Ä‘áº©y trÃªn,Báº­t xÃ¡c thá»±c hai yáº¿u tá»‘ (2FA) cho cÃ¡c tÃ i khoáº£,Sá»­ dá»¥ng cháº¿ Ä‘á»™ mÃ n hÃ¬nh xÃ¡m Ä‘á»ƒ g,"Tham gia má»™t khÃ""digital detox"".",B,Báº­t xÃ¡c thá»±c hai yáº¿u tá»‘ (2FA) cho cÃ¡c tÃ i khoáº£
112,Module 4. An toÃ ,4,4,Má»™t sinh viÃªn chia sáº» kinh nghiá»‡m vá» cÃ¡ch nháº­n biáº¿t email lá»«a Ä‘áº£o cho báº¡n bÃ¨ lÃ  má»™,Khoe khoang kiáº¿n thá»©c cÃ´ng nghá»‡ cá»§a ,NÃ¢ng cao nháº­n thá»©c vÃ  hÃ nh Ä‘á»™ng vÃ¬ mÃ´i trÆ°á»,Vi pháº¡m quyá»n riÃªng tÆ° cá»§a nhá»¯ng ngÆ°á»i Ä‘Ã£ gá»,Tham gia vÃ o khoa há»c cÃ´ng ,B,NÃ¢ng cao nháº­n thá»©c vÃ  hÃ nh Ä‘á»™ng vÃ¬ mÃ´i trÆ°á»
113,Module 4. An toÃ ,4,4,"HÃ£y cho biáº¿t cÃ´ng nghá»‡ nÃ o vá»«a cÃ³ tiá»m nÄƒng lá»›n trong viá»‡c giÃ¡m sÃ¡t mÃ´i trÆ°á»ng, vá»«a gÃ¢y ra lo ngáº¡i vá» viá»‡c tiÃªu thá»¥ nÄƒng lÆ°",Chuá»—i khá»‘i (Blockcha,TrÃ­ tuá»‡ nhÃ¢n táº¡o,Internet váº¡n váº­t (I,Thá»±c táº¿ áº£o,B,TrÃ­ tuá»‡ nhÃ¢n táº¡o
114,Module 4. An toÃ ,4,4,Má»™t ngÆ°á»i dÃ¹ng quyáº¿t Ä‘á»‹nh khÃ´ng mua Ä‘iá»‡n thoáº¡i má»›i mÃ  thay pin cho chiáº¿c Ä‘iá»‡n thoáº¡i cÅ©. HÃ£y cho biáº¿t lá»±a chá»n nÃ o dÆ°á»›i Ä‘Ã¢y mÃ´ táº£,TÃ¡i cháº¿ rÃ¡c tháº£i Ä‘iá»‡n tá»­,KÃ©o dÃ i vÃ²ng Ä‘á»i sá»­ dá»¥ng cá»,Sá»­ dá»¥ng nÄƒng lÆ°á»£ng h,ThÃºc Ä‘áº©y kinh táº¿ tuáº,B,KÃ©o dÃ i vÃ²ng Ä‘á»i sá»­ dá»¥ng cá»
115,Module 4. An toÃ ,4,4,HÃ£y cho biáº¿t lá»±a chá»n nÃ o dÆ°á»›i Ä‘Ã¢y vi pháº¡m nguyÃªn táº¯c,Sá»­ dá»¥ng tá»« viáº¿t táº¯t trong khi nháº¯n tin vá»›i báº¡,"CÃ´ng kÃ­ch, sá»‰ nhá»¥c má»™t ngÆ°á»i khÃ¡c trong pháº§n bÃ¬nh luáº­n vÃ¬ há» cÃ³ ",Gá»­i má»™t email cÃ´ng viá»‡c mÃ  khÃ´ng cÃ³ lá»,KhÃ´ng tráº£ lá»i má»™t tin nháº¯n ngay,B,"CÃ´ng kÃ­ch, sá»‰ nhá»¥c má»™t ngÆ°á»i khÃ¡c trong pháº§n bÃ¬nh luáº­n vÃ¬ há» cÃ³ "
116,Module 4. An toÃ ,4,4,Viá»‡c cÃ¡c thuáº­t toÃ¡n máº¡ng xÃ£ há»™i chá»‰ hiá»ƒn thá»‹ nhá»¯ng ná»™i dung phÃ¹ há»£p vá»›i niá»m tin sáºµn cÃ³ cá»§a ngÆ°á»,Há»™i chá»©ng sá»£ bá» lá,Bong bÃ³ng lá»c (filter bubble) hoáº·c buá»“ng vang (echo ch,QuÃ¡ táº£i thÃ´ng tin (Information Overlo,Doomscrolling.,B,Bong bÃ³ng lá»c (filter bubble) hoáº·c buá»“ng vang (echo ch
117,Module 4. An toÃ ,4,4,HÃ£y cho biáº¿t lá»±a chá»n nÃ o dÆ°á»›i Ä‘Ã¢y mÃ´ táº£ chÃ­nh xÃ¡c vÃ  Ä‘áº§y Ä‘á»§ nháº¥t liÃªn quan Ä‘áº¿n thuáº­t ngá»¯ tÃ i sáº£n (a,Má»™t sai sÃ³t hoáº·c Ä‘iá»ƒm yáº¿u cho phÃ©p káº» táº¥n cÃ´ng vÆ°á»£t qu,"Má»™t váº­t cÃ³ giÃ¡ trá»‹ cáº§n Ä‘Æ°á»£c báº£o vá»‡, vÃ­ dá",Má»™t loáº¡i hÃ nh Ä‘á»™ng cÃ³ kháº£ nÄ,Má»™t ngÆ°á»i hoáº·c yáº¿u tá»‘ cÃ³ sá»©c máº¡nh Ä‘á»ƒ thá»±c,B,"Má»™t váº­t cÃ³ giÃ¡ trá»‹ cáº§n Ä‘Æ°á»£c báº£o vá»‡, vÃ­ dá"
118,Module 4. An toÃ ,4,4,Má»™t cÃ´ng ty thá»±c hiá»‡n giáº£ láº­p cÃ¡c cuá»™c táº¥n cÃ´ng lá»«a Ä‘áº£o Ä‘á»ƒ kiá»ƒm tra nhÃ¢n viÃªn. HÃ£y cho biáº¿t má»¥c Ä,Quáº£n lÃ½ danh tÃ­nh vÃ  truy,ào t¡o và nâng cao nh­n théc ng°İi dùng.,Cáº­p nháº­t pháº§n má»m ,MÃ£ hÃ³a dá»¯ l,B,ào t¡o và nâng cao nh­n théc ng°İi dùng.
119,Module 4. An toÃ ,4,4,HÃ£y cho biáº¿t chá»©c nÄƒng chÃ­nh cá»§a má»™t Há»‡ thá»‘ng quáº£n lÃ½ thÃ´ng tin vÃ  sá»± kiá»,NgÄƒn cháº·n cÃ¡c email lá»«a Ä‘áº£o vÃ  thÆ° rÃ¡c trÆ°á»›c khi chÃºng Ä‘áº¿n há»™,"Thu tháº­p, tÆ°Æ¡ng quan vÃ  phÃ¢n tÃ­ch nháº­t kÃ½ (logs) tá»« nhiá»u nguá»“n Ä‘á»ƒ tá»± Ä‘á»™ng hÃ³a v",MÃ£ hÃ³a toÃ n bá»™ dá»¯ liá»‡u trÃªn á»• cá»©ng Ä‘á»ƒ báº£o vá»‡ khá,QuÃ©t há»‡ thá»‘ng Ä‘á»ƒ tÃ¬m kiáº¿m cÃ¡c lá»— há»•ng báº£o máº­t vÃ,B,"Thu tháº­p, tÆ°Æ¡ng quan vÃ  phÃ¢n tÃ­ch nháº­t kÃ½ (logs) tá»« nhiá»u nguá»“n Ä‘á»ƒ tá»± Ä‘á»™ng hÃ³a v"
120,Module 4. An toÃ ,4,4,HÃ£y cho biáº¿t táº¡i sao viá»‡c Ä‘a dáº¡ng hÃ³a máº­t kháº©u (sá»­ dá»¥ng máº­t kháº©u khÃ¡c nhau cho cÃ¡c tÃ i khoáº£,CÃ¡c trang web khÃ¡c nhau cÃ³ yÃªu cáº§u vá» Ä‘á»™ phá»©c táº¡p máº­,Ã ngn ch·n viÇc k» t¥n công sau khi xâm nh­p mÙt tài kho£n có thÃ truy c­p vào các tài kho£n khác cça ng°İi dùng.,Ã giúp ng°İi dùng dÅ dàng ghi nhÛ m­t kh©u nào dành cho tài kho£n nào.,Má»™t yÃªu cáº§u phÃ¡p lÃ½ á»Ÿ háº§u háº¿t ,B,Ã ngn ch·n viÇc k» t¥n công sau khi xâm nh­p mÙt tài kho£n có thÃ truy c­p vào các tài kho£n khác cça ng°İi dùng.
